-- --------------------------------------------------------
-- Host:                         127.0.0.1
-- Server version:               11.4.2-MariaDB - mariadb.org binary distribution
-- Server OS:                    Win64
-- HeidiSQL Version:             12.6.0.6765
-- --------------------------------------------------------

/*!40101 SET @OLD_CHARACTER_SET_CLIENT=@@CHARACTER_SET_CLIENT */;
/*!40101 SET NAMES utf8 */;
/*!50503 SET NAMES utf8mb4 */;
/*!40103 SET @OLD_TIME_ZONE=@@TIME_ZONE */;
/*!40103 SET TIME_ZONE='+00:00' */;
/*!40014 SET @OLD_FOREIGN_KEY_CHECKS=@@FOREIGN_KEY_CHECKS, FOREIGN_KEY_CHECKS=0 */;
/*!40101 SET @OLD_SQL_MODE=@@SQL_MODE, SQL_MODE='NO_AUTO_VALUE_ON_ZERO' */;
/*!40111 SET @OLD_SQL_NOTES=@@SQL_NOTES, SQL_NOTES=0 */;


-- Dumping database structure for dbweblaptop
CREATE DATABASE IF NOT EXISTS `dbweblaptop` /*!40100 DEFAULT CHARACTER SET utf8mb4 COLLATE utf8mb4_unicode_ci */;
USE `dbweblaptop`;

-- Dumping structure for table dbweblaptop.app_roles
CREATE TABLE IF NOT EXISTS `app_roles` (
  `id` int(11) NOT NULL AUTO_INCREMENT,
  `name` varchar(20) DEFAULT NULL,
  PRIMARY KEY (`id`)
) ENGINE=InnoDB AUTO_INCREMENT=4 DEFAULT CHARSET=utf8mb4 COLLATE=utf8mb4_unicode_ci;

-- Dumping data for table dbweblaptop.app_roles: ~3 rows (approximately)
DELETE FROM `app_roles`;
INSERT INTO `app_roles` (`id`, `name`) VALUES
	(1, 'ROLE_USER'),
	(2, 'ROLE_ADMIN'),
	(3, 'ROLE_EMPLOYEE');

-- Dumping structure for table dbweblaptop.carts
CREATE TABLE IF NOT EXISTS `carts` (
  `cart_id` bigint(20) NOT NULL AUTO_INCREMENT,
  `amount` double DEFAULT NULL,
  `address` varchar(255) DEFAULT NULL,
  `discount_cart` double NOT NULL,
  `phone` varchar(255) DEFAULT NULL,
  `user_id` bigint(20) DEFAULT NULL,
  PRIMARY KEY (`cart_id`),
  KEY `FKb5o626f86h46m4s7ms6ginnop` (`user_id`),
  CONSTRAINT `FKb5o626f86h46m4s7ms6ginnop` FOREIGN KEY (`user_id`) REFERENCES `users` (`user_id`)
) ENGINE=InnoDB AUTO_INCREMENT=6 DEFAULT CHARSET=utf8mb4 COLLATE=utf8mb4_unicode_ci;

-- Dumping data for table dbweblaptop.carts: ~5 rows (approximately)
DELETE FROM `carts`;
INSERT INTO `carts` (`cart_id`, `amount`, `address`, `discount_cart`, `phone`, `user_id`) VALUES
	(1, 0, '32 Thủy Lợi, Phước Long A, Quận 9, TP.HCM', 0, '0366516292', 1),
	(2, 0, '100/2 đường số 6, Linh Trung, Thủ Đức, Tp.HCM', 0, '0377254836', 2),
	(3, 0, '12 Nguyễn Văn Bá, Phường Linh Chiểu, Thành phố Thủ Đức, Thành phố Hồ Chí Minh', 0, '0399266235', 3),
	(4, 0, 'fdsfd, Phường Quang Trung, Thành phố Hà Giang, Tỉnh Hà Giang', 0, '0366516292', 4),
	(5, 0, '2132, Thị trấn Đạo Đức, Huyện Bình Xuyên, Tỉnh Vĩnh Phúc', 0, '0122551254', 5);

-- Dumping structure for table dbweblaptop.cart_details
CREATE TABLE IF NOT EXISTS `cart_details` (
  `cart_detail_id` bigint(20) NOT NULL AUTO_INCREMENT,
  `discount_product_cart` double DEFAULT NULL,
  `price` double DEFAULT NULL,
  `quantity` int(11) NOT NULL,
  `cart_id` bigint(20) DEFAULT NULL,
  `product_id` bigint(20) DEFAULT NULL,
  `promotion_id` bigint(20) DEFAULT NULL,
  PRIMARY KEY (`cart_detail_id`),
  KEY `FKkcochhsa891wv0s9wrtf36wgt` (`cart_id`),
  KEY `FK9rlic3aynl3g75jvedkx84lhv` (`product_id`),
  KEY `FK7lknrnk33fajq8huejyq2oqm1` (`promotion_id`),
  CONSTRAINT `FK7lknrnk33fajq8huejyq2oqm1` FOREIGN KEY (`promotion_id`) REFERENCES `promotion_codes` (`promotion_code_id`),
  CONSTRAINT `FK9rlic3aynl3g75jvedkx84lhv` FOREIGN KEY (`product_id`) REFERENCES `products` (`product_id`),
  CONSTRAINT `FKkcochhsa891wv0s9wrtf36wgt` FOREIGN KEY (`cart_id`) REFERENCES `carts` (`cart_id`)
) ENGINE=InnoDB AUTO_INCREMENT=15 DEFAULT CHARSET=utf8mb4 COLLATE=utf8mb4_unicode_ci;

-- Dumping data for table dbweblaptop.cart_details: ~5 rows (approximately)
DELETE FROM `cart_details`;
INSERT INTO `cart_details` (`cart_detail_id`, `discount_product_cart`, `price`, `quantity`, `cart_id`, `product_id`, `promotion_id`) VALUES
	(10, 0, 58624500, 3, 5, 54, NULL),
	(11, 0, 34190500, 1, 5, 45, NULL),
	(12, 0, 19966500, 1, 5, 35, NULL);

-- Dumping structure for table dbweblaptop.categories
CREATE TABLE IF NOT EXISTS `categories` (
  `category_id` bigint(20) NOT NULL AUTO_INCREMENT,
  `category_name` varchar(255) DEFAULT NULL,
  PRIMARY KEY (`category_id`)
) ENGINE=InnoDB AUTO_INCREMENT=6 DEFAULT CHARSET=utf8mb4 COLLATE=utf8mb4_unicode_ci;

-- Dumping data for table dbweblaptop.categories: ~5 rows (approximately)
DELETE FROM `categories`;
INSERT INTO `categories` (`category_id`, `category_name`) VALUES
	(1, 'Laptop Gaming'),
	(2, 'Laptop Văn Phòng'),
	(3, 'Màn Hình'),
	(4, 'Bàn Phím'),
	(5, 'Chuột');

-- Dumping structure for table dbweblaptop.favorites
CREATE TABLE IF NOT EXISTS `favorites` (
  `favorite_id` bigint(20) NOT NULL AUTO_INCREMENT,
  `product_id` bigint(20) DEFAULT NULL,
  `user_id` bigint(20) DEFAULT NULL,
  PRIMARY KEY (`favorite_id`),
  KEY `FK6sgu5npe8ug4o42bf9j71x20c` (`product_id`),
  KEY `FKk7du8b8ewipawnnpg76d55fus` (`user_id`),
  CONSTRAINT `FK6sgu5npe8ug4o42bf9j71x20c` FOREIGN KEY (`product_id`) REFERENCES `products` (`product_id`),
  CONSTRAINT `FKk7du8b8ewipawnnpg76d55fus` FOREIGN KEY (`user_id`) REFERENCES `users` (`user_id`)
) ENGINE=InnoDB AUTO_INCREMENT=8 DEFAULT CHARSET=utf8mb4 COLLATE=utf8mb4_unicode_ci;

-- Dumping data for table dbweblaptop.favorites: ~6 rows (approximately)
DELETE FROM `favorites`;
INSERT INTO `favorites` (`favorite_id`, `product_id`, `user_id`) VALUES
	(1, 75, 4),
	(2, 129, 5),
	(4, 5, 5),
	(5, 102, 4),
	(6, 86, 4),
	(7, 18, 5);

-- Dumping structure for table dbweblaptop.notification
CREATE TABLE IF NOT EXISTS `notification` (
  `id` bigint(20) NOT NULL AUTO_INCREMENT,
  `message` varchar(255) DEFAULT NULL,
  `status` bit(1) DEFAULT NULL,
  `time` datetime DEFAULT NULL,
  PRIMARY KEY (`id`)
) ENGINE=InnoDB AUTO_INCREMENT=5 DEFAULT CHARSET=utf8mb4 COLLATE=utf8mb4_unicode_ci;

-- Dumping data for table dbweblaptop.notification: ~3 rows (approximately)
DELETE FROM `notification`;
INSERT INTO `notification` (`id`, `message`, `status`, `time`) VALUES
	(1, 'Phong Huy đã đặt một đơn hàng (1)', b'1', '2024-11-30 17:56:07'),
	(2, 'Thủ Huỳnh đã đặt một đơn hàng (2)', b'0', '2024-12-01 19:58:41'),
	(3, 'Thủ Huỳnh đã đặt một đơn hàng (3)', b'0', '2024-12-01 20:01:59'),
	(4, 'Hào Đoàn đã đặt một đơn hàng (4)', b'0', '2024-12-05 21:52:25');

-- Dumping structure for table dbweblaptop.orders
CREATE TABLE IF NOT EXISTS `orders` (
  `orders_id` bigint(20) NOT NULL AUTO_INCREMENT,
  `address` varchar(255) DEFAULT NULL,
  `amount` double DEFAULT NULL,
  `code_order` varchar(255) DEFAULT NULL,
  `discount_order` double NOT NULL,
  `order_date` timestamp NULL DEFAULT NULL,
  `payment_method` int(11) NOT NULL,
  `phone` varchar(255) DEFAULT NULL,
  `status` int(11) NOT NULL,
  `user_id` bigint(20) DEFAULT NULL,
  PRIMARY KEY (`orders_id`),
  UNIQUE KEY `UK_7yvdcoljb465poi4yqr8ruenp` (`code_order`),
  KEY `FK32ql8ubntj5uh44ph9659tiih` (`user_id`),
  CONSTRAINT `FK32ql8ubntj5uh44ph9659tiih` FOREIGN KEY (`user_id`) REFERENCES `users` (`user_id`)
) ENGINE=InnoDB AUTO_INCREMENT=5 DEFAULT CHARSET=utf8mb4 COLLATE=utf8mb4_unicode_ci;

-- Dumping data for table dbweblaptop.orders: ~3 rows (approximately)
DELETE FROM `orders`;
INSERT INTO `orders` (`orders_id`, `address`, `amount`, `code_order`, `discount_order`, `order_date`, `payment_method`, `phone`, `status`, `user_id`) VALUES
	(1, '12 Nguyễn Văn Bá, Phường Linh Chiểu, Thành phố Thủ Đức, Thành phố Hồ Chí Minh', 19541500, 'MHDTH00001', 0, '2024-11-30 10:56:07', 0, '0399266235', 4, 3),
	(2, '323, Xã Tư Mại, Huyện Yên Dũng, Tỉnh Bắc Giang', 8360699.999999999, 'MHDTH00002', 0, '2024-12-01 12:58:41', 0, '0122551254', 4, 5),
	(3, '2132, Thị trấn Đạo Đức, Huyện Bình Xuyên, Tỉnh Vĩnh Phúc', 47017500, 'MHDTH00003', 0, '2024-12-01 13:01:59', 0, '0122551254', 4, 5),
	(4, 'fdsfd, Phường Quang Trung, Thành phố Hà Giang, Tỉnh Hà Giang', 111474900, 'MHDTH00004', 0, '2024-12-05 14:52:25', 0, '0366516292', 4, 4);

-- Dumping structure for table dbweblaptop.order_details
CREATE TABLE IF NOT EXISTS `order_details` (
  `order_detail_id` bigint(20) NOT NULL AUTO_INCREMENT,
  `price` double DEFAULT NULL,
  `quantity` int(11) NOT NULL,
  `order_id` bigint(20) DEFAULT NULL,
  `product_id` bigint(20) DEFAULT NULL,
  PRIMARY KEY (`order_detail_id`),
  KEY `FKjyu2qbqt8gnvno9oe9j2s2ldk` (`order_id`),
  KEY `FK4q98utpd73imf4yhttm3w0eax` (`product_id`),
  CONSTRAINT `FK4q98utpd73imf4yhttm3w0eax` FOREIGN KEY (`product_id`) REFERENCES `products` (`product_id`),
  CONSTRAINT `FKjyu2qbqt8gnvno9oe9j2s2ldk` FOREIGN KEY (`order_id`) REFERENCES `orders` (`orders_id`)
) ENGINE=InnoDB AUTO_INCREMENT=9 DEFAULT CHARSET=utf8mb4 COLLATE=utf8mb4_unicode_ci;

-- Dumping data for table dbweblaptop.order_details: ~8 rows (approximately)
DELETE FROM `order_details`;
INSERT INTO `order_details` (`order_detail_id`, `price`, `quantity`, `order_id`, `product_id`) VALUES
	(1, 19541500, 1, 1, 54),
	(2, 8360699.999999999, 1, 2, 143),
	(3, 11881800, 1, 3, 75),
	(4, 34190500, 1, 3, 45),
	(5, 945199.9999999999, 1, 3, 14),
	(6, 23361800, 1, 4, 42),
	(7, 53922600, 2, 4, 26),
	(8, 34190500, 1, 4, 45);

-- Dumping structure for table dbweblaptop.products
CREATE TABLE IF NOT EXISTS `products` (
  `product_id` bigint(20) NOT NULL AUTO_INCREMENT,
  `code_product` varchar(255) DEFAULT NULL,
  `description` longtext DEFAULT NULL,
  `discount` int(11) NOT NULL,
  `entered_date` date DEFAULT NULL,
  `image` varchar(255) DEFAULT NULL,
  `image2` varchar(255) DEFAULT NULL,
  `image3` varchar(255) DEFAULT NULL,
  `image4` varchar(255) DEFAULT NULL,
  `image5` varchar(255) DEFAULT NULL,
  `name` varchar(255) DEFAULT NULL,
  `price` double DEFAULT NULL,
  `quantity` int(11) NOT NULL,
  `sold` int(11) NOT NULL,
  `status` bit(1) DEFAULT NULL,
  `category_id` bigint(20) DEFAULT NULL,
  `supplier_id` bigint(20) DEFAULT NULL,
  PRIMARY KEY (`product_id`),
  UNIQUE KEY `UK_60p6gyr0itla93xo94f0dx1x4` (`code_product`),
  KEY `FKog2rp4qthbtt2lfyhfo32lsw9` (`category_id`),
  KEY `FK6i174ixi9087gcvvut45em7fd` (`supplier_id`),
  CONSTRAINT `FK6i174ixi9087gcvvut45em7fd` FOREIGN KEY (`supplier_id`) REFERENCES `suppliers` (`supplier_id`),
  CONSTRAINT `FKog2rp4qthbtt2lfyhfo32lsw9` FOREIGN KEY (`category_id`) REFERENCES `categories` (`category_id`)
) ENGINE=InnoDB AUTO_INCREMENT=147 DEFAULT CHARSET=utf8mb4 COLLATE=utf8mb4_unicode_ci;

-- Dumping data for table dbweblaptop.products: ~146 rows (approximately)
DELETE FROM `products`;
INSERT INTO `products` (`product_id`, `code_product`, `description`, `discount`, `entered_date`, `image`, `image2`, `image3`, `image4`, `image5`, `name`, `price`, `quantity`, `sold`, `status`, `category_id`, `supplier_id`) VALUES
	(1, 'MSPTH00001', 'Chuột gaming không dây Logitech G304 Lightspeed là sản phẩm đang làm mưa làm gió trên thị trường với nhiều tính năng đặc biệt nổi bật. Với nhiều công phá mới trong thiết kế cùng mức giá thành tương đối rẻ.', 21, '2024-11-28', 'https://res.cloudinary.com/techhalo/image/upload/v1732817569/techhalo/product-image/v7y2tqw1uwxymm0bbqfc.webp', 'https://res.cloudinary.com/techhalo/image/upload/v1732817574/techhalo/product-image/u3i2ncj1upg7eqif7tdv.webp', 'https://res.cloudinary.com/techhalo/image/upload/v1732817580/techhalo/product-image/drqjfpsrm6lg6spzaqes.webp', 'https://res.cloudinary.com/techhalo/image/upload/v1732817597/techhalo/product-image/voqw8phdbgiow3xes2ko.webp', 'https://res.cloudinary.com/techhalo/image/upload/v1732817585/techhalo/product-image/reaz1ypvlmytzlkvxnah.webp', 'Chuột Gaming không dây Logitech G304 Lightspeed', 949000, 999, 0, b'1', 5, 13),
	(2, 'MSPTH00002', 'Sở hữu công nghệ Lightsync, mang thiết kế 6 nút cổ điển cùng DPI lên đến 8.000, chuột Gaming Logitech G102 LightSync sẽ giúp bạn chinh phục mọi tựa game mà bạn yêu thích.', 40, '2024-11-28', 'https://res.cloudinary.com/techhalo/image/upload/v1732817902/techhalo/product-image/lxsg6didrzvzsbp6zyx7.webp', 'https://res.cloudinary.com/techhalo/image/upload/v1732817908/techhalo/product-image/glccj76yrt1sl5q2cuse.webp', 'https://res.cloudinary.com/techhalo/image/upload/v1732817930/techhalo/product-image/caokbujanobao8ldasm3.webp', 'https://res.cloudinary.com/techhalo/image/upload/v1732817937/techhalo/product-image/bg6vaolnpai7tjknr3nf.webp', 'https://res.cloudinary.com/techhalo/image/upload/v1732817942/techhalo/product-image/judxqajgvpavx4tpceg6.webp', 'Chuột có dây Gaming Logitech G102 LightSync Gen 2', 599000, 999, 0, b'1', 5, 13),
	(3, 'MSPTH00003', 'IPad, Macbook, iMac của bạn đang cần đến một con chuột nhanh nhạy tối ưu điểm chạm hơn? Tất cả những gì bạn cần làm là đổi qua sử dụng chuột Apple Magic Mouse 2021 MK2E3. ', 17, '2024-11-28', 'https://res.cloudinary.com/techhalo/image/upload/v1732818267/techhalo/product-image/s3kilvm4zz6e3yleu3xf.webp', 'https://res.cloudinary.com/techhalo/image/upload/v1732818273/techhalo/product-image/ioxc9n79ltvosvnspxma.webp', 'https://res.cloudinary.com/techhalo/image/upload/v1732818277/techhalo/product-image/cqzsb1r4aoywl1y7efyu.webp', 'https://res.cloudinary.com/techhalo/image/upload/v1732818283/techhalo/product-image/krazfnsvqflpey1nteta.webp', 'https://res.cloudinary.com/techhalo/image/upload/v1732818288/techhalo/product-image/w7n4gdoccbmz1wkpi9qf.webp', 'Chuột Apple Magic Mouse 2021 MK2E3', 2290000, 999, 0, b'1', 5, 14),
	(4, 'MSPTH00004', 'Chuột chơi game không dây DAREU EM911X RGB sở hữu kết nối Wireless 2.4 G đem lại khả năng kết nối cũng như truyền dữ liệu cực nhanh và cho tín hiệu ổn định. Cảm biến của sản phẩm chuột Dareu này cũng rất chính xác.', 30, '2024-11-28', 'https://res.cloudinary.com/techhalo/image/upload/v1732818983/techhalo/product-image/dy5dwguyl6spvplht2d7.webp', 'https://res.cloudinary.com/techhalo/image/upload/v1732818988/techhalo/product-image/mcrswwchucp52ospcfik.webp', 'https://res.cloudinary.com/techhalo/image/upload/v1732818994/techhalo/product-image/ad8clxsxwnshreburk7h.webp', 'https://res.cloudinary.com/techhalo/image/upload/v1732818999/techhalo/product-image/i5t0y7zykocrlai24a2c.webp', 'https://res.cloudinary.com/techhalo/image/upload/v1732819004/techhalo/product-image/bekyihpe21ndzk7rgs7f.webp', 'Chuột chơi game không dây Dareu EM911X RGB', 699000, 999, 0, b'1', 5, 15),
	(5, 'MSPTH00005', 'Dareu LM115G là sản phẩm thu hút thuộc dòng chuột không dây tốt được đông đảo người dùng ngay từ những ngày đầu ra mắt. Với thiết kế nhỏ gọn.', 11, '2024-11-28', 'https://res.cloudinary.com/techhalo/image/upload/v1732819337/techhalo/product-image/mdjvckwovnilnn3vjgst.webp', 'https://res.cloudinary.com/techhalo/image/upload/v1732819342/techhalo/product-image/dbrpg6ny0f5wzyn7h5ph.webp', 'https://res.cloudinary.com/techhalo/image/upload/v1732819348/techhalo/product-image/avvp3dxyafq7gnq9icgp.webp', 'https://res.cloudinary.com/techhalo/image/upload/v1732819353/techhalo/product-image/eikzzyrijmrlcobrwwoq.webp', 'https://res.cloudinary.com/techhalo/image/upload/v1732819359/techhalo/product-image/mcqj4lb2pitzdpsqsail.webp', 'Chuột không dây Dareu LM115G', 169000, 999, 0, b'1', 5, 15),
	(6, 'MSPTH00006', 'Trong các thao tác công việc hằng ngày, đặc biệt là khi làm việc trên laptop hay trên chiếc máy iMac, thì chiếc chuột máy tính không dây Apple Magic Mouse 2 là một điều cần thiết để các thao tác được nhanh nhẹn hơn và linh hoạt hơn.', 0, '2024-11-28', 'https://res.cloudinary.com/techhalo/image/upload/v1732819563/techhalo/product-image/xzbi57ddl7tcaheyk59k.webp', 'https://res.cloudinary.com/techhalo/image/upload/v1732819570/techhalo/product-image/xgp5f12kh74fwip0gr9y.webp', 'https://res.cloudinary.com/techhalo/image/upload/v1732819575/techhalo/product-image/q9phwczhdmgwjnxb4rc4.webp', 'https://res.cloudinary.com/techhalo/image/upload/v1732819581/techhalo/product-image/wjagkhuuscy9iv18obxa.webp', 'https://res.cloudinary.com/techhalo/image/upload/v1732819588/techhalo/product-image/hec8dkkopc12nhl0ksfn.webp', 'Chuột Apple Magic Mouse 2022 MMMQ3', 2290000, 999, 0, b'1', 5, 14),
	(7, 'MSPTH00007', 'Chuột không dây công thái học Logitech Lift Vertical mang đến cảm giác thoải mái khi cầm nắm làm việc trong thời gian dài từ sáng đến tối. é.', 20, '2024-11-28', 'https://res.cloudinary.com/techhalo/image/upload/v1732819716/techhalo/product-image/u6x2jqkachcyvyqshh0i.webp', 'https://res.cloudinary.com/techhalo/image/upload/v1732819726/techhalo/product-image/fosdimbmtycqztx93hup.webp', 'https://res.cloudinary.com/techhalo/image/upload/v1732819731/techhalo/product-image/hncjhjstuwubounbvsvn.webp', 'https://res.cloudinary.com/techhalo/image/upload/v1732819737/techhalo/product-image/bqpgkw8g2ftzfkiitxvg.webp', 'https://res.cloudinary.com/techhalo/image/upload/v1732819741/techhalo/product-image/hplnpbyz80s0npeydtcq.webp', 'Chuột không dây Logitech Lift Vertical', 1490000, 999, 0, b'1', 5, 13),
	(8, 'MSPTH00008', 'Chuột không dây Logitech MX Anywhere 3S với thiết kế kết nối không dây tiện lợi cùng màu đen huyền bí sẽ hài hòa với máy tính bàn hay laptop của bạn. Với tính năng Quiet Clicks của chuột Logitech giúp bạn tập trung vào công việc mà không bị mất tập trung.', 32, '2024-11-28', 'https://res.cloudinary.com/techhalo/image/upload/v1732820509/techhalo/product-image/exflqggfvtvjj0ckg8ad.webp', 'https://res.cloudinary.com/techhalo/image/upload/v1732820514/techhalo/product-image/tqsljgua1w35lkpbwgef.webp', 'https://res.cloudinary.com/techhalo/image/upload/v1732820521/techhalo/product-image/ucof9vu2pxhkrtg8qhqh.webp', 'https://res.cloudinary.com/techhalo/image/upload/v1732820526/techhalo/product-image/igaqiu95cxg1deknlqzs.webp', 'https://res.cloudinary.com/techhalo/image/upload/v1732820531/techhalo/product-image/ilznnxpcrt7eon0l8iqe.webp', 'Chuột không dây Logitech MX Anywhere 3S', 2190000, 999, 0, b'1', 5, 13),
	(9, 'MSPTH00009', 'Chuột không dây Logitech MX Master 3S mang đến kiểu dáng công thái học, giúp sử dụng thoải mái khi được nâng đỡ cả bàn tay. Phụ kiện chuột Logitech có khả năng sử dụng mượt mà trên nhiều bề mặt.', 23, '2024-11-28', 'https://res.cloudinary.com/techhalo/image/upload/v1732820714/techhalo/product-image/aesafuraq711kfczihb9.webp', 'https://res.cloudinary.com/techhalo/image/upload/v1732820721/techhalo/product-image/juxu6rzm7rcyrpr3nyeu.webp', 'https://res.cloudinary.com/techhalo/image/upload/v1732820726/techhalo/product-image/bsjsj5jrexfobwnb148a.webp', 'https://res.cloudinary.com/techhalo/image/upload/v1732820732/techhalo/product-image/bqbilfze2nezyui2nh15.webp', 'https://res.cloudinary.com/techhalo/image/upload/v1732820737/techhalo/product-image/he9dap133vfmwcw5imsf.webp', 'Chuột không dây Logitech MX Master 3S', 2990000, 999, 0, b'1', 5, 13),
	(10, 'MSPTH00010', 'Chuột không dây Bluetooth Logitech Pebble M350S là dòng chuột dành đến cho ai thích sự nhỏ gọn để đồng hành lý tưởng cho công việc. Sản phẩm chuột Logitech có thể dễ dàng chuyển đổi thiết bị và giảm ồn tốt hơn đến 90%.', 33, '2024-11-28', 'https://res.cloudinary.com/techhalo/image/upload/v1732820927/techhalo/product-image/vavbvwlivplqf4y6eanl.webp', 'https://res.cloudinary.com/techhalo/image/upload/v1732820933/techhalo/product-image/nzsrz8pnp7rmb2s8qvgk.webp', 'https://res.cloudinary.com/techhalo/image/upload/v1732820939/techhalo/product-image/ohzjktxbnacrkrgvoaet.webp', 'https://res.cloudinary.com/techhalo/image/upload/v1732820945/techhalo/product-image/uchabe3cikzfcukdxtnu.webp', 'https://res.cloudinary.com/techhalo/image/upload/v1732820950/techhalo/product-image/whwl1jhhkbclfgplzmro.webp', 'Chuột không dây Bluetooth Logitech Pebble M350S', 699000, 999, 0, b'1', 5, 13),
	(11, 'MSPTH00011', 'Chuột không dây Logitech G Pro X Superlight là mẫu chuột máy tính thế hệ mới được ra mắt. Sản phẩm chuột Logitech này được trang bị thiết kế, kiểu dáng và nhiều công nghệ tiên tiến, hiện đại, nhận được nhiều sự chú ý của người dùng công nghệ. ', 16, '2024-11-28', 'https://res.cloudinary.com/techhalo/image/upload/v1732821062/techhalo/product-image/xjlawpzgpxsdqmkbjhmy.webp', 'https://res.cloudinary.com/techhalo/image/upload/v1732821068/techhalo/product-image/ijpzsnidjnhygxxdavwq.webp', 'https://res.cloudinary.com/techhalo/image/upload/v1732821074/techhalo/product-image/k0yr3iiqwynbdpbltd3m.webp', 'https://res.cloudinary.com/techhalo/image/upload/v1732821079/techhalo/product-image/tzck0ukuv02nkogjhlwn.webp', 'https://res.cloudinary.com/techhalo/image/upload/v1732821085/techhalo/product-image/ssqvakg7ftibbyxscmpc.webp', 'Chuột không dây Logitech G Pro X 2 Superlight', 3290000, 999, 0, b'1', 5, 13),
	(12, 'MSPTH00012', 'Chuột không dây Rapoo M20 với độ phân giải 1000 DPI và kết nối USB Receiver 2.4GHz giúp đảm bảo độ nhạy và độ ổn định cao trong quá trình sử dụng. Dù chỉ vận hành với mức năng lượng từ 1 pin AA.', 41, '2024-11-28', 'https://res.cloudinary.com/techhalo/image/upload/v1732821269/techhalo/product-image/ylryn7lhyicvi4kimqpg.webp', 'https://res.cloudinary.com/techhalo/image/upload/v1732821275/techhalo/product-image/xpht2ksbi7cg89cwke8r.webp', 'https://res.cloudinary.com/techhalo/image/upload/v1732821281/techhalo/product-image/fljpv39zwt9xpbvq6wd1.webp', 'https://res.cloudinary.com/techhalo/image/upload/v1732821291/techhalo/product-image/s9ssp6fev6w2prjph7c6.webp', 'https://res.cloudinary.com/techhalo/image/upload/v1732821297/techhalo/product-image/hpsfiy9sykewkzsktrvd.webp', 'Chuột không dây Rapoo M20', 169000, 999, 0, b'1', 5, 16),
	(13, 'MSPTH00013', 'Chuột không dây Logitech G Pro X Superlight là mẫu chuột máy tính thế hệ mới được ra mắt. Sản phẩm chuột Logitech này được trang bị thiết kế, kiểu dáng và nhiều công nghệ tiên tiến, hiện đại, nhận được nhiều sự chú ý của người dùng công nghệ.', 16, '2024-11-28', 'https://res.cloudinary.com/techhalo/image/upload/v1732821395/techhalo/product-image/waidmozwatsuvuvuimwd.webp', 'https://res.cloudinary.com/techhalo/image/upload/v1732821400/techhalo/product-image/e5u7o9g23qhchvtppr8u.webp', 'https://res.cloudinary.com/techhalo/image/upload/v1732821406/techhalo/product-image/dbqsrvcrzosmz3exzhn8.webp', 'https://res.cloudinary.com/techhalo/image/upload/v1732821411/techhalo/product-image/s8iwzzkaarfkdkbg5u1i.webp', 'https://res.cloudinary.com/techhalo/image/upload/v1732821417/techhalo/product-image/mq5su8jqffntj7ipztjs.webp', 'Chuột không dây Logitech G Pro X Superlight', 3190000, 999, 0, b'1', 5, 13),
	(14, 'MSPTH00014', 'Logitech nhà sản xuất phụ kiện dành cho máy tính nổi tiếng trên thế giới vừa cho ra mắt dòng phụ kiện chuột chơi Game có dây Logitech G502 Hero. Với nhiều tối ưu hóa nâng cấp đặc biệt dành cho chơi game.', 32, '2024-11-28', 'https://res.cloudinary.com/techhalo/image/upload/v1732821625/techhalo/product-image/oizzob4qr4g81s5diusa.webp', 'https://res.cloudinary.com/techhalo/image/upload/v1732821630/techhalo/product-image/zslsejwic06bbss95yeo.webp', 'https://res.cloudinary.com/techhalo/image/upload/v1732821635/techhalo/product-image/uubn4rmltw7hqvhmmiox.webp', 'https://res.cloudinary.com/techhalo/image/upload/v1732821641/techhalo/product-image/ty35q9docvjbgt93k2jr.webp', 'https://res.cloudinary.com/techhalo/image/upload/v1732821646/techhalo/product-image/zytjxcjqknnajbb1gzi1.webp', 'Chuột Gaming Logitech G502 Hero', 1390000, 998, 1, b'1', 5, 13),
	(15, 'MSPTH00015', 'Chuột không dây Bluetooth Hyperwork Silentium có khả năng đáp ứng tối đa mọi nhu cầu làm việc và giải trí. Với thiết kế công thái học, sản phẩm mang đến trải nghiệm sử dụng thoải mái trong thời gian dài làm việc. Bên cạnh đó.', 21, '2024-11-28', 'https://res.cloudinary.com/techhalo/image/upload/v1732821833/techhalo/product-image/zeelikmrarjakqacsxvn.webp', 'https://res.cloudinary.com/techhalo/image/upload/v1732821839/techhalo/product-image/d4avbmvcuppoze1ndfsw.webp', 'https://res.cloudinary.com/techhalo/image/upload/v1732821844/techhalo/product-image/nugzxuilbmuffyeqekck.webp', 'https://res.cloudinary.com/techhalo/image/upload/v1732821854/techhalo/product-image/hua97zfqgjob1tmpjhze.webp', 'https://res.cloudinary.com/techhalo/image/upload/v1732821859/techhalo/product-image/zapenw1rujrzyfucusfh.webp', 'Chuột không dây Bluetooth Hyperwork Silentium', 590000, 999, 0, b'1', 5, 17),
	(16, 'MSPTH00016', 'Logitech MX Anywhere 2S thuộc loại chuột không dây kích cỡ chỉ vỏn vẹn vừa khít trong lòng bàn tay. Thuận tiện mang chuột đi bất cứ đâu, vừa cà phê du lịch vừa học tập, làm việc được.', 28, '2024-11-28', 'https://res.cloudinary.com/techhalo/image/upload/v1732821986/techhalo/product-image/hjdeto1izqv307oc1ilf.webp', 'https://res.cloudinary.com/techhalo/image/upload/v1732821992/techhalo/product-image/ukazlpcfm16xwnwxke9s.webp', 'https://res.cloudinary.com/techhalo/image/upload/v1732821998/techhalo/product-image/f93clvfkvg20gkaolhia.webp', 'https://res.cloudinary.com/techhalo/image/upload/v1732822003/techhalo/product-image/qw8lvqaolmxw1c1brmft.webp', 'https://res.cloudinary.com/techhalo/image/upload/v1732822009/techhalo/product-image/nbgdmyrtsph3a3ejtm6c.webp', 'Chuột không dây Logitech MX Anywhere 2S', 1790000, 999, 0, b'1', 5, 13),
	(17, 'MSPTH00017', 'DareU LM115B Silent là sản phẩm chuột không dây giá rẻ mới thuộc phân khúc sản phẩm chuột văn phòng của thương hiệu DareU. Sản phẩm chuột không dây mới của nhà DareU gây ấn tượng nhờ vào khả năng hạn chế phát ra âm thanh.', 20, '2024-11-28', 'https://res.cloudinary.com/techhalo/image/upload/v1732822248/techhalo/product-image/yllalycvod9dgvsulgkn.webp', 'https://res.cloudinary.com/techhalo/image/upload/v1732822254/techhalo/product-image/rbz7nvdumrksnkuvg8qq.webp', 'https://res.cloudinary.com/techhalo/image/upload/v1732822259/techhalo/product-image/szaxd24qixuirbxed8wa.webp', 'https://res.cloudinary.com/techhalo/image/upload/v1732822266/techhalo/product-image/tbttal3noo8hrkushspe.webp', 'https://res.cloudinary.com/techhalo/image/upload/v1732822274/techhalo/product-image/adgxiwq1qwqdxatgo2oc.webp', 'Chuột không dây Dareu LM115B Silent', 269000, 999, 0, b'1', 5, 15),
	(18, 'MSPTH00018', 'Chuột Gaming với trọng lượng chỉ 60g, chuột mang lại cảm giác linh hoạt tối ưu mà không làm giảm độ bền khi sử dụng. Chuột được trang bị cảm biến HERO 2 tiên tiến, độ nhạy DPI lên đến 44.000.', 13, '2024-11-28', 'https://res.cloudinary.com/techhalo/image/upload/v1732822379/techhalo/product-image/akzs13jccllflehvipth.webp', 'https://res.cloudinary.com/techhalo/image/upload/v1732822385/techhalo/product-image/ohzy3xebhjt0kvmlntfr.webp', 'https://res.cloudinary.com/techhalo/image/upload/v1732822390/techhalo/product-image/ayibsf3nac4zdfuurpyw.webp', 'https://res.cloudinary.com/techhalo/image/upload/v1732822396/techhalo/product-image/tqattgr9rdzzshvrpajj.webp', 'https://res.cloudinary.com/techhalo/image/upload/v1732822401/techhalo/product-image/rvkfwzrr3f8jcawj7og8.webp', 'Chuột Gaming Logitech Pro X Superlight 2 Dex', 3899000, 999, 0, b'1', 5, 13),
	(19, 'MSPTH00019', 'Switch chuột bền bỉ với hơn 10 triệu lần nhấn, đảm bảo tuổi thọ dài lâu cho những trận game kéo dài.Cảm biến quang học chính xác lên đến 7.200 DPI.', 29, '2024-11-28', 'https://res.cloudinary.com/techhalo/image/upload/v1732822589/techhalo/product-image/ihdtpj8yr6pvqtrwmzh3.webp', 'https://res.cloudinary.com/techhalo/image/upload/v1732822595/techhalo/product-image/zsgxzisz3gr8f8usqphx.webp', 'https://res.cloudinary.com/techhalo/image/upload/v1732822600/techhalo/product-image/xjiw6prcgjlz058gz2ko.webp', 'https://res.cloudinary.com/techhalo/image/upload/v1732822606/techhalo/product-image/oeqzqohtc4a0bxoyzzib.webp', 'https://res.cloudinary.com/techhalo/image/upload/v1732822612/techhalo/product-image/ocxkbxmm1rgwno7aapz6.webp', 'Chuột Gaming có dây MSI Force GM300 RGB Led', 350000, 999, 0, b'1', 5, 18),
	(20, 'MSPTH00020', 'Chuột Gaming không dây Hyperwork Helios (BT/2.4G/USB-C) là sản phẩm đánh dấu bước chuyển mình của hãng sang mảng Gaming Gear. Do đó, hãy cùng CellphoneS điểm qua các nét nổi bật của chuột không dây này ngay dưới bài viết này nhé!', 6, '2024-11-28', 'https://res.cloudinary.com/techhalo/image/upload/v1732822734/techhalo/product-image/f0eq01vxmskhubajc4hw.webp', 'https://res.cloudinary.com/techhalo/image/upload/v1732822740/techhalo/product-image/dtyimy0pzxdgyofzrx5p.webp', 'https://res.cloudinary.com/techhalo/image/upload/v1732822745/techhalo/product-image/svpw6nfuhqvzpceidxtw.webp', 'https://res.cloudinary.com/techhalo/image/upload/v1732822751/techhalo/product-image/bk46jar9aj8d0qcjiqdk.webp', 'https://res.cloudinary.com/techhalo/image/upload/v1732822757/techhalo/product-image/cwvcotlmoifploabq9e8.webp', 'Chuột chơi game không dây HyperWork Helios', 1590000, 999, 0, b'1', 5, 17),
	(21, 'MSPTH00021', 'Chuột Gaming có dây ASUS TUF M3 Gen 2 được các game thủ đặc biệt ưa chuộng khi sở hữu hệ thống đèn LED RGB bắt mắt cùng thiết kế công thái học hiện đại. Sản phẩm chuột Asus này cũng được tích hợp cảm biến quang học.', 36, '2024-11-28', 'https://res.cloudinary.com/techhalo/image/upload/v1732822951/techhalo/product-image/ouxqlbuy9cgguj5xayx3.webp', 'https://res.cloudinary.com/techhalo/image/upload/v1732822957/techhalo/product-image/gfbtcewubnmepcexkymw.webp', 'https://res.cloudinary.com/techhalo/image/upload/v1732822962/techhalo/product-image/zrt0vxugaiwgfe2sfpm0.webp', 'https://res.cloudinary.com/techhalo/image/upload/v1732822967/techhalo/product-image/ehleniy5cxjxgtgqn5qf.webp', 'https://res.cloudinary.com/techhalo/image/upload/v1732822972/techhalo/product-image/o2ay9cmkgqxi6tb6cgcx.webp', 'Chuột Gaming có dây Asus TUF M3 Gen 2', 590000, 999, 0, b'1', 5, 2),
	(22, 'MSPTH00022', 'Chuột không dây Logitech Pop Mouse With Emoji có độ phân giải tùy chỉnh từ 1000 đến 4000 DPI, mang lại độ chính xác cao với công nghệ cảm biến quang học. Kết nối không dây Bluetooth 5.1 với tính năng Easy-Switch', 25, '2024-11-28', 'https://res.cloudinary.com/techhalo/image/upload/v1732823089/techhalo/product-image/eb64jnswdpklxbziuy3f.webp', 'https://res.cloudinary.com/techhalo/image/upload/v1732823094/techhalo/product-image/gl0nr8ktld1hys5ltwzo.webp', 'https://res.cloudinary.com/techhalo/image/upload/v1732823101/techhalo/product-image/oydgo6ct9yc9savyz40s.webp', 'https://res.cloudinary.com/techhalo/image/upload/v1732823106/techhalo/product-image/fs7vrp2lvsug40yn83ej.webp', 'https://res.cloudinary.com/techhalo/image/upload/v1732823111/techhalo/product-image/gqyogqrnazoei0evbds2.webp', 'Chuột không dây Logitech Pop Mouse With Emoji', 849000, 999, 0, b'1', 5, 13),
	(23, 'MSPTH00023', 'Chuột không dây Rapoo MT760 sử dụng 3 chế độ kết nối Bluetooth, USB, Wireless với độ nhạy tới 4000DPI, hoạt động cùng pin sạc Lithium dung lượng lớn. ', 12, '2024-11-28', 'https://res.cloudinary.com/techhalo/image/upload/v1732823238/techhalo/product-image/tqhfu64tctk8rosirw8a.webp', 'https://res.cloudinary.com/techhalo/image/upload/v1732823244/techhalo/product-image/tgducgjahakbylbzcdop.webp', 'https://res.cloudinary.com/techhalo/image/upload/v1732823250/techhalo/product-image/swrqc6acjkjalcdgtons.webp', 'https://res.cloudinary.com/techhalo/image/upload/v1732823256/techhalo/product-image/c5mwehosj7cdduwbqu2u.webp', 'https://res.cloudinary.com/techhalo/image/upload/v1732823261/techhalo/product-image/reee3bqujbfrwxcyykdg.webp', 'Chuột không dây Rapoo MT760', 1099000, 999, 0, b'1', 5, 16),
	(24, 'MSPTH00024', 'Chuột gaming không dây AULA SC560 có kiểu dáng thời trang, màu hồng nhẹ nhàng cùng trọng lượng rất nhẹ chỉ 55g. Chuột có 3 chế độ kết nối Bluetooth, USB 2.4 hoặc USB Type-C và 6 cấp độ DPI.', 32, '2024-11-28', 'https://res.cloudinary.com/techhalo/image/upload/v1732823478/techhalo/product-image/otw0mar3jdmb9r2l4ppt.webp', 'https://res.cloudinary.com/techhalo/image/upload/v1732823484/techhalo/product-image/xauauubvkb4kh7mteit3.webp', 'https://res.cloudinary.com/techhalo/image/upload/v1732823489/techhalo/product-image/becibfpmjl3ecvl5lc73.webp', 'https://res.cloudinary.com/techhalo/image/upload/v1732823497/techhalo/product-image/qh1gr1xuowuwpfizbzdg.webp', 'https://res.cloudinary.com/techhalo/image/upload/v1732823502/techhalo/product-image/umwphknei3jfmfucqgfk.webp', 'Chuột gaming không dây AULA SC560', 790000, 999, 0, b'1', 5, 19),
	(25, 'MSPTH00025', 'Chuột gaming có dây MSI Forge GM10 có cảm biến quang học với độ phân giải tùy chỉnh từ 1000 DPI đến 6400 DPI, kích thước 120 x 60 x 40mm và khối lượng 108g. Mẫu chuột MSI này sử dụng Micro Switch với độ bền tới 10 triệu lần nhấp.', 19, '2024-11-28', 'https://res.cloudinary.com/techhalo/image/upload/v1732823610/techhalo/product-image/cl8xuo8fe1rhrqygsoq3.webp', 'https://res.cloudinary.com/techhalo/image/upload/v1732823617/techhalo/product-image/jwkoco3x35ynjidpr3iv.webp', 'https://res.cloudinary.com/techhalo/image/upload/v1732823623/techhalo/product-image/hauihkl7n5n4g8ovcxfj.webp', 'https://res.cloudinary.com/techhalo/image/upload/v1732823627/techhalo/product-image/us7ep2vyilwziyn6709q.webp', 'https://res.cloudinary.com/techhalo/image/upload/v1732823633/techhalo/product-image/wqndbxilsws0qgy7lzfm.webp', 'Chuột Gaming có dây MSI Force GM100', 290000, 999, 0, b'1', 5, 18),
	(26, 'MSPTH00026', 'Laptop MSI Prestige 14 AI Studio C1UDXG-058VN nổi bật với bộ xử lý Intel Core Ultra 7-155H cùng khả năng hỗ trợ đồ họa mạnh mẽ từ GPU GeForce RTX 3050. Máy được trang bị RAM 16GB DDR5 với khả năng nâng cấp lên 32GB và ổ cứng SSD 1TB NVMe PCIe Gen4. Màn hình 14 inch FHD+ với tấm nền IPS cho chất lượng hiển thị sắc nét, chống chói, cùng camera IR FHD hỗ trợ HDR và 3D Noise Reduction+.', 13, '2024-11-29', 'https://res.cloudinary.com/techhalo/image/upload/v1732859712/techhalo/product-image/jj7tpqopxhwg9wmr5kbg.webp', 'https://res.cloudinary.com/techhalo/image/upload/v1732877330/techhalo/product-image/ejm8fmukiim8exofulj7.webp', 'https://res.cloudinary.com/techhalo/image/upload/v1732877374/techhalo/product-image/toli764fqdoe3ut0bkf2.webp', 'https://res.cloudinary.com/techhalo/image/upload/v1732877376/techhalo/product-image/ijpamgcrtu3rkwyflhju.webp', 'https://res.cloudinary.com/techhalo/image/upload/v1732877379/techhalo/product-image/qppzb7hrpux7mdrpyjjj.webp', 'Laptop Gaming MSI Prestige 14 AI Studio C1UDXG-058VN U7-155H/16GB/1TB PCIE/VGA 6GB RTX3050/14inch', 30990000, 1996, 2, b'1', 1, 18),
	(27, 'MSPTH00027', 'Laptop Lenovo LOQ 15IAX9 83GS001RVN được trang bị bộ xử lý Intel Core i5-12450HX với 8 lõi, 12 luồng cùng RAM DDR5-4800 cho khả năng đa nhiệm ấn tượng. Ổ cứng SSD 512GB chuẩn kết nối PCIe rút ngắn thời gian truy xuất dữ liệu và có thể nâng cấp với lên đến 1TB. Màn hình 15.6 inch cho vùng hiển thị rộng và tốc độ phản hồi nhanh nhờ tần số quét 144Hz. Sản phẩm laptop Lenovo Gaming trang bị đầy đủ cổng giao tiếp để kết nối với nhiều thiết bị ngoại vi. ', 17, '2024-11-29', 'https://res.cloudinary.com/techhalo/image/upload/v1732874089/techhalo/product-image/c5vmxbvjtdnhmvmqcgdc.webp', 'https://res.cloudinary.com/techhalo/image/upload/v1732877440/techhalo/product-image/ixw2hhoao2qpruidwxwb.webp', 'https://res.cloudinary.com/techhalo/image/upload/v1732877442/techhalo/product-image/ivwpfdpi7oawuvspn84t.webp', 'https://res.cloudinary.com/techhalo/image/upload/v1732877446/techhalo/product-image/mwpzw2esmxzlbrx7dfdo.webp', 'https://res.cloudinary.com/techhalo/image/upload/v1732877449/techhalo/product-image/aekjecf7movxblknrhnl.webp', 'Laptop Gaming Lenovo LOQ 15IAX9 83GS001RVN I5-12450HX/12GB/512GB PCIE/VGA 6GB RTX3050/15.6inch', 23990000, 1998, 0, b'1', 1, 3),
	(28, 'MSPTH00028', 'Laptop Acer Nitro 5 Tiger AN515-58-52SP mang vẻ ngoài phong thái sắc sảo, tích hợp hàng loạt công nghệ phần mềm đời mới và đặc biệt là bộ vi xử lý Intel ổn định. Chứa đựng hiệu năng siêu vượt trội đã góp phần làm nên chiếc laptop Acer Nitro 5 dẫn đầu phân khúc.', 38, '2024-11-29', 'https://res.cloudinary.com/techhalo/image/upload/v1732875928/techhalo/product-image/qworgnwvjzxcfr4w0dkd.webp', 'https://res.cloudinary.com/techhalo/image/upload/v1732877512/techhalo/product-image/lfh4731d8kdzoag1ra8t.webp', 'https://res.cloudinary.com/techhalo/image/upload/v1732877515/techhalo/product-image/zdwricmfw0mbnlivocce.webp', 'https://res.cloudinary.com/techhalo/image/upload/v1732877519/techhalo/product-image/frsqouke4hvjpcpj17qt.webp', 'https://res.cloudinary.com/techhalo/image/upload/v1732877524/techhalo/product-image/xlnmta7g7wgvxjpszxu5.webp', 'Laptop Gaming Acer Nitro 5 Tiger AN515 58 52SP I5-12500H/8GB/512GB PCIE/VGA 4GB RTX3050/15.6inch', 27990000, 999, 0, b'1', 1, 5),
	(29, 'MSPTH00029', 'Laptop Lenovo LOQ 15IAX9 83GS001SVN là dòng laptop gaming sở hữu vẻ ngoài ấn tượng cùng hiệu năng hoạt động mạnh mẽ cho trải nghiệm người dùng đáng nhớ. Thiết bị trang bị vi xử lý Core Intel i5 thế hệ 12, RAM 12GB (upto 32GB) kết hợp SSD 512GB cho khả năng lưu trữ và tốc độ xử lý vượt trội. Màn hình laptop Lenovo Gaming 15.6” FHD IPS 300nits, tích hợp công nghệ G-SYNC hiển thị hình ảnh chân thực, sắc nét nhất. ', 10, '2024-11-29', 'https://res.cloudinary.com/techhalo/image/upload/v1732876351/techhalo/product-image/ttae0ceicccfz23cirqx.webp', 'https://res.cloudinary.com/techhalo/image/upload/v1732877602/techhalo/product-image/cznnittpgdlap7ltgzhk.webp', 'https://res.cloudinary.com/techhalo/image/upload/v1732877599/techhalo/product-image/is2ncucjo9rzv22ne146.webp', 'https://res.cloudinary.com/techhalo/image/upload/v1732877595/techhalo/product-image/dyori5wn7zkvgcpvz0wv.webp', 'https://res.cloudinary.com/techhalo/image/upload/v1732877606/techhalo/product-image/fiw2mqg1bwsaz5fsflpv.webp', 'Laptop Gaming Lenovo LOQ 15IAX9 83GS001SVN I5-12450HX/12GB/512GB PCIE/VGA 4GB RTX2050/15.6inch', 20990000, 999, 0, b'1', 1, 3),
	(30, 'MSPTH00030', 'Laptop Asus Gaming VivoBook K3605ZC-RP564W sở hữu con chip Intel Core i5-12500H kết hợp với chiếc card đồ họa GeForce RTX 3050 4GB với mức đồ họa cao. Bên cạnh đó, chiếc laptop còn tích hợp màn hình 16 inch với độ phân giải 1920x1200 pixels và tần số quét 144Hz. Dung lượng RAM và ổ cứng SSD laptop lần lượt là 16GB và 512GB.', 23, '2024-11-29', 'https://res.cloudinary.com/techhalo/image/upload/v1732877158/techhalo/product-image/rgrqtx2kqbhqhxedxtx9.webp', 'https://res.cloudinary.com/techhalo/image/upload/v1732876999/techhalo/product-image/pnlnt6lswulwksqunr8g.webp', 'https://res.cloudinary.com/techhalo/image/upload/v1732877002/techhalo/product-image/zdytqkcw06kxtan7uh6x.webp', 'https://res.cloudinary.com/techhalo/image/upload/v1732877006/techhalo/product-image/umj08rfd8nhik8oh7xub.webp', 'https://res.cloudinary.com/techhalo/image/upload/v1732877009/techhalo/product-image/jodaynt24txdu7edqmxr.webp', 'Laptop Gaming ASUS Gaming VivoBook K3605ZC-RP564W I5-12500H/16GB/512GB PCIE/VGA 4GB RTX3050/16inch', 25290000, 999, 0, b'1', 1, 2),
	(31, 'MSPTH00031', 'Laptop Acer Gaming Aspire 5 A515 58GM 53PZ thu hút giới game thủ khi có giao diện mỏng nhẹ, đậm chất gaming cùng hiệu năng mạnh mẽ với Core i5 H thế hệ 13. Kết hợp với card rời NVIDIA GeForce RTX 2050 4GB, RAM DDR4 8GB cùng bộ nhớ trong PCIe NVMe Gen 4 512GB cho tốc độ xử lý các tác vụ từ cơ bản đến nâng cao nhanh chóng và mượt mà. ', 24, '2024-11-29', 'https://res.cloudinary.com/techhalo/image/upload/v1732881120/techhalo/product-image/onrhmkw4uorhniw6amy4.webp', 'https://res.cloudinary.com/techhalo/image/upload/v1732881123/techhalo/product-image/wixrv6oxdn8ugvigaycv.webp', 'https://res.cloudinary.com/techhalo/image/upload/v1732881135/techhalo/product-image/eca3bg9j6rxvi75ckkiw.webp', 'https://res.cloudinary.com/techhalo/image/upload/v1732881130/techhalo/product-image/iovsai7fcbk8t4abywjn.webp', 'https://res.cloudinary.com/techhalo/image/upload/v1732881138/techhalo/product-image/so4xzvgomaninedi2wcu.webp', 'Laptop Gaming Acer Gaming Aspire 5 A515-58GM-53PZ I5-13420H/8GB/512GB PCIE/VGA 4GB RTX2050/15.6inch', 20490000, 999, 0, b'1', 1, 5),
	(32, 'MSPTH00032', 'Laptop Acer Gaming Aspire 7 A715-76-53PJ là chiếc laptop sở hữu cấu hình mạnh với bộ vi xử lý Intel Core thế hệ 12 và card đồ họa Intel UHD Graphics. Máy có màn hình 15.6 inch, độ phân giải Full HD (1920 x 1080), bộ nhớ RAM 16GB DDR4 và dung lượng lưu trữ SSD 512GB. Ngoài ra, máy còn được trang bị các cổng kết nối như HDMI, USB Type-C, USB 3.2 Gen 1 Type-A, RJ-45 và có khả năng chơi game tốt.', 18, '2024-11-29', 'https://res.cloudinary.com/techhalo/image/upload/v1732887496/techhalo/product-image/lmf2v6bpv97bnsx61zap.webp', 'https://res.cloudinary.com/techhalo/image/upload/v1732887500/techhalo/product-image/k1lundou1gm93558ecpr.webp', 'https://res.cloudinary.com/techhalo/image/upload/v1732887503/techhalo/product-image/w7gttjvvwquey7rlquhq.webp', 'https://res.cloudinary.com/techhalo/image/upload/v1732887507/techhalo/product-image/m5zoyaxuuossjhtu9ix3.webp', 'https://res.cloudinary.com/techhalo/image/upload/v1732887510/techhalo/product-image/lvkd65clumfyarxdmiaz.webp', 'Laptop Gaming Acer Gaming Aspire 7 A715-76-53PJ I5-12450H/16GB/512GB PCIE/15.6inch/WIN11/ĐEN', 16990000, 999, 0, b'1', 1, 5),
	(33, 'MSPTH00033', 'Laptop Asus Tuf Gaming F15 FX507ZC4-HN074W là dòng laptop gaming có hiệu năng vượt trội, nhiều tính năng tân tiến và tuyệt vời cho game thủ. Mẫu laptop này không chỉ thực hiện tốt khả năng xử lý đồ họa mà còn có những chuyển động nhanh nhạy chuẩn xác. Hãy xem đoạn mô tả sau đây để hiểu rõ hơn về ưu điểm của dòng laptop Asus Tuf mới nhất này.', 27, '2024-11-29', 'https://res.cloudinary.com/techhalo/image/upload/v1732887831/techhalo/product-image/wufhvl39jvqmjp9737ut.webp', 'https://res.cloudinary.com/techhalo/image/upload/v1732887836/techhalo/product-image/p4ev09nohgsmhjanpsuj.webp', 'https://res.cloudinary.com/techhalo/image/upload/v1732887847/techhalo/product-image/k9k60gzrhfvyhvee8hfv.webp', 'https://res.cloudinary.com/techhalo/image/upload/v1732887850/techhalo/product-image/ihxexpjgbik3spgovycg.webp', 'https://res.cloudinary.com/techhalo/image/upload/v1732887854/techhalo/product-image/cgiah3bn5ioiugjli6ma.webp', 'Laptop Gaming ASUS TUF Gaming F15 FX507ZC4-HN074W I5-12500H/8GB/512GB PCIE/VGA 4GB RTX3050/15.6inch', 25990000, 999, 0, b'1', 1, 2),
	(34, 'MSPTH00034', 'Laptop Asus Gaming Vivobook K3605ZF-RP634W sở hữu bộ xử lý Intel Core i5-12500H đi cùng card đồ họa GeForce RTX 2050 4GB, dung lượng RAM và ổ cứng cao. Không những vậy, chiếc laptop Asus Gaming này còn trang bị màn hình IPS 16 inch với tần số quét 144Hz. Ngoài ra, dung lượng pin của máy cũng tương đối cao, đủ để sử dụng liên tục trong vài tiếng đồng hồ. ', 17, '2024-11-29', 'https://res.cloudinary.com/techhalo/image/upload/v1732888069/techhalo/product-image/c8hlk1ku7lhguyhiasjf.webp', 'https://res.cloudinary.com/techhalo/image/upload/v1732888108/techhalo/product-image/hdofzd7lizc8xbcmze2o.webp', 'https://res.cloudinary.com/techhalo/image/upload/v1732888117/techhalo/product-image/nrtcusqn4arwfpnrxojt.webp', 'https://res.cloudinary.com/techhalo/image/upload/v1732888119/techhalo/product-image/hpkjl8zxqoseixvdrd4t.webp', 'https://res.cloudinary.com/techhalo/image/upload/v1732888123/techhalo/product-image/lg76hdld6rqawnxkqm0a.webp', 'Laptop Gaming ASUS Gaming VivoBook K3605ZF-RP634W I5-12500H/16GB/512GB PCIE/VGA 4GB RTX2050/16inch', 20990000, 999, 0, b'1', 1, 2),
	(35, 'MSPTH00035', 'Laptop Asus TUF Gaming A15 FA506NCR HN047W sử dụng bộ xử lý AMD Ryzen 7 7435HS Mobile Processor 3.1GHz kết hợp card đồ họa NVIDIA GeForce RTX 3050 mạnh mẽ. Sản phẩm sở hữu RAM DDR5 16GB cùng dung lượng ổ cứng SSD 512GB chuẩn kết nối tốc độ cao PCIe cho khả năng đa nhiệm tuyệt vời. Màn hình lớn 15.6 inch FullHD 144Hz chống loá mang tới chất lượng hình ảnh sắc nét và mượt mà trong từng chuyển động. ', 15, '2024-11-29', 'https://res.cloudinary.com/techhalo/image/upload/v1732888316/techhalo/product-image/yxmes8root8hkipbcy3c.webp', 'https://res.cloudinary.com/techhalo/image/upload/v1732888368/techhalo/product-image/tt4rnnkqp7mxoxj5vhlk.webp', 'https://res.cloudinary.com/techhalo/image/upload/v1732888375/techhalo/product-image/tg4rjvxgzacyugili5an.webp', 'https://res.cloudinary.com/techhalo/image/upload/v1732888378/techhalo/product-image/ldetusrztknqlcy8rnq7.webp', 'https://res.cloudinary.com/techhalo/image/upload/v1732888381/techhalo/product-image/tlzor3u7ti9v81sbybid.webp', 'Laptop Gaming ASUS TUF Gaming A15 FA506NCR-HN047W R7-7435HS/16GB/512GB PCIE/VGA 4GB RTX3050/15.6inch', 23490000, 999, 0, b'1', 1, 2),
	(36, 'MSPTH00036', 'Laptop gaming Acer Nitro 5 AN515-58-5193 sở hữu chip Intel Core i5-12450H với xung nhịp tối đa lên đến 4.4GHz kết hợp cùng thanh RAM 16GB và bộ nhớ 512GB. Màn hình của laptop đạt kích thước 15.6 inch có độ phân giải Full HD cùng với tần số quét 144Hz. Ngoài ra, chiếc laptop Acer Nitro này cũng được tích hợp card đồ họa RTX 4050 6GB GDDR6 và công nghệ Wifi 6. ', 17, '2024-11-29', 'https://res.cloudinary.com/techhalo/image/upload/v1732888733/techhalo/product-image/esd66eqvstf2jvqrrowb.webp', 'https://res.cloudinary.com/techhalo/image/upload/v1732888736/techhalo/product-image/ljnjdbwp31h93m3tb73f.webp', 'https://res.cloudinary.com/techhalo/image/upload/v1732888739/techhalo/product-image/z0gs3rrblqc7vb5hzs4u.webp', 'https://res.cloudinary.com/techhalo/image/upload/v1732888742/techhalo/product-image/n1p9iqfqyfy9qywl1zg0.webp', 'https://res.cloudinary.com/techhalo/image/upload/v1732888745/techhalo/product-image/rg4wjzi5uzjubyj0rqcw.webp', 'Laptop Gaming Acer Nitro 5 AN515-58-5193 I5-12450H/16GB/512GB PCIE/VGA 6GB RTX4050/15.6 FHD 144HZ/WIN11/ĐEN', 23990000, 999, 0, b'1', 1, 5),
	(37, 'MSPTH00037', 'Laptop Acer Nitro V mang một thiết kế gaming mạnh mẽ, màn hình 15.6” 144Hz FHD, cấu hình cân mọi tựa game với chip i5-13420H từ Intel. Bên cạnh đó, dòng laptop này còn được tích hợp GPU GeForce RTX 2050, RAM 8GB và lưu trữ khổng lồ với SSD 512GB tốc độ cao giúp mang lại trải nghiệm vượt trội cho người dùng.', 21, '2024-11-29', 'https://res.cloudinary.com/techhalo/image/upload/v1732888908/techhalo/product-image/aew3sofbm9pdpkqu7nns.webp', 'https://res.cloudinary.com/techhalo/image/upload/v1732888911/techhalo/product-image/s9elucgsopsefgdpynqo.webp', 'https://res.cloudinary.com/techhalo/image/upload/v1732888915/techhalo/product-image/wyjv9h51ynpodlwilgj2.webp', 'https://res.cloudinary.com/techhalo/image/upload/v1732888919/techhalo/product-image/ffbpcc0qbtqaajzeer4g.webp', 'https://res.cloudinary.com/techhalo/image/upload/v1732888922/techhalo/product-image/jwldp22v5t4thmhkahcq.webp', 'Laptop Gaming Acer Nitro V ANV15-51-58AN I5-13420H/8GB/512GB PCIE/VGA 4GB RTX2050/15.6inch', 21490000, 999, 0, b'1', 1, 5),
	(38, 'MSPTH00038', 'Laptop Acer Aspire 7 Gaming A715 76G 59MW i5 được trang bị chip Intel Core i5 cùng với đó là RAM 8GB và SSD 512GB cho hiệu năng vô cùng mạnh mẽ, ấn tượng. Ngoài ra, tần số quét 144Hz, tấm nền IPS mang tới tốc độ nhanh và khả năng hiển thị sắc nét. Sản phẩm laptop Acer Aspire sẽ mang tới trải nghiệm hoàn hảo nhất cho bất kỳ game thủ nào.', 27, '2024-11-29', 'https://res.cloudinary.com/techhalo/image/upload/v1732889439/techhalo/product-image/hjvmdhyfxyio8e0eta4x.webp', 'https://res.cloudinary.com/techhalo/image/upload/v1732889441/techhalo/product-image/n2ls3fuxhvuqrsf9jr7l.webp', 'https://res.cloudinary.com/techhalo/image/upload/v1732889445/techhalo/product-image/d4i7erklvfkx5xperwty.webp', 'https://res.cloudinary.com/techhalo/image/upload/v1732889449/techhalo/product-image/w6yj109kp0vsw9awon0s.webp', 'https://res.cloudinary.com/techhalo/image/upload/v1732889453/techhalo/product-image/htzity7hlhv32hnccfq9.webp', 'Laptop Acer Aspire 7 A715-76G-59MW I5-12450H/8GB/512GB PCIE/VGA 4GB RTX2050/15.6inch 144HZ', 21490000, 999, 0, b'1', 1, 5),
	(39, 'MSPTH00039', 'Laptop MSI Katana 15 B13VFK-676VN là chiếc laptop có cấu hình mạnh mẽ, thích hợp cho cả nhu chơi game và công việc sáng tạo nhờ có card đồ họa RTX 4060. Kiểu dáng khỏe khoắn và mỏng nhẹ càng khiến laptop MSI gaming này trở nên nổi bật hơn.', 28, '2024-11-29', 'https://res.cloudinary.com/techhalo/image/upload/v1732889615/techhalo/product-image/umf6wbyz6d657hfg0zlr.webp', 'https://res.cloudinary.com/techhalo/image/upload/v1732889618/techhalo/product-image/m1patovgytfutadprjug.webp', 'https://res.cloudinary.com/techhalo/image/upload/v1732889621/techhalo/product-image/qweswbra1neyizhgiwzo.webp', 'https://res.cloudinary.com/techhalo/image/upload/v1732889624/techhalo/product-image/ppxrg6zx5m35dnz3rdqv.webp', 'https://res.cloudinary.com/techhalo/image/upload/v1732889628/techhalo/product-image/o7bbx6ysk15dyqdyx9c3.webp', 'Laptop Gaming MSI Katana 15 B13VFK-676VN I7-13620H/16GB/1TB PCIE/VGA 8GB RTX4060/15.6inch', 36990000, 999, 0, b'1', 1, 18),
	(40, 'MSPTH00040', 'Acer Nitro 5 Tiger AN515-58-773Y là dòng laptop gaming quốc dân sở hữu diện mạo mới và công nghệ hàng đầu thu hút được đông đảo các game thủ yêu thích và lựa chọn. Bên cạnh đó là cấu hình laptop Acer Nitro cực chất để mang đến những trải nghiệm game vô cùng ấn tượng.', 12, '2024-11-29', 'https://res.cloudinary.com/techhalo/image/upload/v1732889819/techhalo/product-image/ers0cxtyrz4ufgimbmke.webp', 'https://res.cloudinary.com/techhalo/image/upload/v1732889854/techhalo/product-image/h6wsznch75zufbk8yhoe.webp', 'https://res.cloudinary.com/techhalo/image/upload/v1732889859/techhalo/product-image/zvproprfgmublfgwx9qp.webp', 'https://res.cloudinary.com/techhalo/image/upload/v1732889863/techhalo/product-image/pnggvnwsvx18xdxuamnb.webp', 'https://res.cloudinary.com/techhalo/image/upload/v1732889869/techhalo/product-image/n2lg5sfmo8ocdgmknsza.webp', 'Laptop Gaming Acer Nitro 5 Tiger AN515 58 773Y I7-12700H/16GB/512GB PCIE/VGA 4GB RTX 3050TI/15.6inch', 25990000, 999, 0, b'1', 1, 5),
	(41, 'MSPTH00041', 'Laptop Acer Gaming Aspire 7 A715-76G-73FM là một trong những dòng laptop gaming nổi bật của Acer được thiết kế đặc biệt dành cho game thủ yêu cầu hiệu năng cao và sự bền bỉ. Với thiết kế chắc chắn cấu hình mạnh mẽ và những tính năng hiện đại, sản phẩm laptop Acer Aspire giúp anh em chơi game mượt mà và thoải mái cũng như làm việc đa nhiệm hiệu quả.', 27, '2024-11-29', 'https://res.cloudinary.com/techhalo/image/upload/v1732890101/techhalo/product-image/gefascdp1egeldlo6iii.webp', 'https://res.cloudinary.com/techhalo/image/upload/v1732890104/techhalo/product-image/yagwt9cukk4u3bsnfpcc.webp', 'https://res.cloudinary.com/techhalo/image/upload/v1732890109/techhalo/product-image/zgykyqqfvunzfmq9rsrk.webp', 'https://res.cloudinary.com/techhalo/image/upload/v1732890113/techhalo/product-image/onlesusfvharxalxwixe.webp', 'https://res.cloudinary.com/techhalo/image/upload/v1732890116/techhalo/product-image/gyisfnygdnqdoqqolqqz.webp', 'Laptop Gaming Acer Aspire 7 A715-76G-73FM i7-12650H/16GB/512GB PCIE/VGA 4GB RTX2050/15.6inch', 23990000, 999, 0, b'1', 1, 5),
	(42, 'MSPTH00042', 'Laptop ASUS Gaming Vivobook K3605ZU-RP296W sở hữu bộ xử lý Intel Core i5 12500H, kết hợp với VGA GeForce RTX 4050 cùng RAM 16GB DDR4 và ổ cứng 512GB. Nâng cấp khả năng xử lý với màn hình tần số làm tươi 144Hz kích thước 16 inch. Bên cạnh đó, mẫu laptop Asus Vivobook này còn tích hợp Wi-Fi 6E, Bluetooth 5.3 cùng đa dạng các cổng giao tiếp khác.. ', 18, '2024-11-29', 'https://res.cloudinary.com/techhalo/image/upload/v1732890294/techhalo/product-image/orqtx6xlcd6pgiay7r0a.webp', 'https://res.cloudinary.com/techhalo/image/upload/v1732890297/techhalo/product-image/xan3zefczupyvo1wzrwp.webp', 'https://res.cloudinary.com/techhalo/image/upload/v1732890300/techhalo/product-image/xnfv3xlnfzrljgazx2dz.webp', 'https://res.cloudinary.com/techhalo/image/upload/v1732890304/techhalo/product-image/isfbrrs6efiflukjnald.webp', 'https://res.cloudinary.com/techhalo/image/upload/v1732890307/techhalo/product-image/tsrsltrikwb0hi8sfu5u.webp', 'Laptop Gaming ASUS VivoBook K3605ZU-RP296W I5-12500H/16GB/512GB PCIE/VGA 6GB RTX4050/16inch', 28490000, 998, 1, b'1', 1, 2),
	(43, 'MSPTH00043', 'Laptop Asus TUF Gaming F15 FX507ZC4-HN095W có ổ cứng SSD 512GB, với dung lượng RAM 16GB, giúp mang đến tốc độ truy cập thông tin ổn định và mượt mà hơn. Máy có màu sắc hiện đại, kích thước chỉ 35.4 x 25.1 x 2.24 ~ 2.49 cm không lo cồng kềnh khi mang theo. Bên cạnh đó, card đồ họa NVIDIA® GeForce RTX™ 3050, giúp nâng cao đồ họa sắc nét khi sử dụng. Bộ xử lý Intel® Core™ i5-12500H thế hệ 12, đáp ứng nhu cầu khác nhau của người dùng.', 19, '2024-11-29', 'https://res.cloudinary.com/techhalo/image/upload/v1732890488/techhalo/product-image/n0310yz5fdhzlugdiv4f.webp', 'https://res.cloudinary.com/techhalo/image/upload/v1732890504/techhalo/product-image/g35azvsy5qpz0didqxfo.webp', 'https://res.cloudinary.com/techhalo/image/upload/v1732890510/techhalo/product-image/c3wg0bemkckop5opf7mn.webp', 'https://res.cloudinary.com/techhalo/image/upload/v1732890514/techhalo/product-image/v1u8yhvcd7gkk5laihwi.webp', 'https://res.cloudinary.com/techhalo/image/upload/v1732890518/techhalo/product-image/imxyhq0vthgpurfeytex.webp', 'Laptop Gaming ASUS TUF Gaming F15 FX507ZC4-HN095W I5-12500H/16GB/512GB PCIE/VGA 4GB RTX3050/15.6inch', 24990000, 999, 0, b'1', 1, 2),
	(44, 'MSPTH00044', 'Laptop Acer Aspire 7 A715 76G 5806 được trang bị bộ vi xử lý i5 12450H cùng card màn hình rời 4GB RTX3050 và dung lượng RAM 16GB, ổ cứng SSD 512 GB. Máy sở hữu màn hình 15.6 inch FHD với tần số 144Hz. Ngoài ra, sản phẩm laptop Acer Aspire còn nổi bật với thiết kế tối giản, bền bỉ nhờ vỏ nhựa cùng nắp lưng kim loại cứng cáp.', 20, '2024-11-29', 'https://res.cloudinary.com/techhalo/image/upload/v1732890711/techhalo/product-image/v69exdwsomycwl2hl8ak.webp', 'https://res.cloudinary.com/techhalo/image/upload/v1732890723/techhalo/product-image/ggjgxwl8n4mmx4j1fhhy.webp', 'https://res.cloudinary.com/techhalo/image/upload/v1732890752/techhalo/product-image/cnvdoqxdlfjf9j6bbcrn.webp', 'https://res.cloudinary.com/techhalo/image/upload/v1732890730/techhalo/product-image/czpeczr065tj8hn4sywg.webp', 'https://res.cloudinary.com/techhalo/image/upload/v1732890756/techhalo/product-image/slcftoz9gsny7cuxzknc.webp', 'Laptop Gaming Acer Aspire 7 A715-76G-5806 I5-12450H/16GB/512GB PCIE/15.6 FHD 144HZ/VGA 4GB RTX3050', 22990000, 999, 0, b'1', 1, 5),
	(45, 'MSPTH00045', 'Laptop Lenovo Legion 5 15IRX9 83JJ000FVN là lựa chọn lý tưởng cho gamer và người dùng chuyên nghiệp với hiệu năng mạnh mẽ và đồ họa đỉnh cao. Với vi xử lý tân tiến kết hợp màn hình hiển thị sắc nét, laptop hứa hẹn sẽ đem đến sự hài lòng trong mọi nhu cầu từ làm việc đến giải trí.', 5, '2024-11-29', 'https://res.cloudinary.com/techhalo/image/upload/v1732891426/techhalo/product-image/lqaba5busm2t1dgpco2t.webp', 'https://res.cloudinary.com/techhalo/image/upload/v1732891431/techhalo/product-image/fib4uwfgfqvj90wtimus.webp', 'https://res.cloudinary.com/techhalo/image/upload/v1732891435/techhalo/product-image/cwz8vc7chpsdpippkohl.webp', 'https://res.cloudinary.com/techhalo/image/upload/v1732891440/techhalo/product-image/pc3g5isbomgk9jgcyihg.webp', 'https://res.cloudinary.com/techhalo/image/upload/v1732891444/techhalo/product-image/qwcihpmr8anajkujjpo6.png', 'Laptop Gaming Lenovo Legion 5 15IRX9 83JJ000FVN I7-13650HX/24GB/512GB PCIE/VGA 8GB RTX4060/15.6inch', 35990000, 1996, 2, b'1', 1, 3),
	(46, 'MSPTH00046', 'Sức mạnh của laptop Lenovo LOQ 15ARP9 83JC007HVN được tạo nên bởi sự kết hợp giữa bộ đôi CPU AMD Ryzen™ 5 7235HS và GPU NVIDIA GeForce RTX™ 3050 6GB. Laptop hỗ trợ chuẩn RAM DDR5 với dung lượng lên đến 12GB và có thể mở rộng lên đến 32GB. Không gian lưu trữ của laptop cũng khá rộng lớn nhờ sự hỗ trợ của ổ cứng SSD 512GB. Màn hình sử dụng công nghệ chống chói cùng tấm nền IPS và độ phủ màu 100% sRGB mang đến những khung hình chất lượng.', 13, '2024-11-29', 'https://res.cloudinary.com/techhalo/image/upload/v1732891742/techhalo/product-image/k48tsowkkxa28d7qpfxg.webp', 'https://res.cloudinary.com/techhalo/image/upload/v1732891772/techhalo/product-image/bcjtfvens2aobosm7sux.webp', 'https://res.cloudinary.com/techhalo/image/upload/v1732891776/techhalo/product-image/gfkzvudhddepqrta5pbj.webp', 'https://res.cloudinary.com/techhalo/image/upload/v1732891780/techhalo/product-image/e1nc3gzlgst3hmq5vmyk.webp', 'https://res.cloudinary.com/techhalo/image/upload/v1732891788/techhalo/product-image/utfep0ztzon3etjndcnb.webp', 'Laptop Gaming Lenovo LOQ 15ARP9 83JC007HVN R5-7235HS/12GB/512GB PCIE/VGA 6GB RTX3050/15.6inch', 23490000, 999, 0, b'1', 1, 3),
	(47, 'MSPTH00047', 'Laptop MSI gaming GF63 thin 11UC-1228VN được trang bị bộ xử lý Core i7 11800H từ Intel với RAM 8GB chuẩn DDR4 kèm SSD 512GB cho khả năng lưu trữ lớn. Sản phẩm sử dụng card đồ họa NVIDIA GeForce RTX 3050 kết hợp cùng màn hình 15.6 inch, tần số quét 144Hz mang đến trải nghiệm chiến game mượt mà.', 19, '2024-11-29', 'https://res.cloudinary.com/techhalo/image/upload/v1732891912/techhalo/product-image/l3amepsecgyw6quar7s7.webp', 'https://res.cloudinary.com/techhalo/image/upload/v1732891945/techhalo/product-image/s95nluugfiwurljfcgv0.webp', 'https://res.cloudinary.com/techhalo/image/upload/v1732891958/techhalo/product-image/mlwrvaktltx10lrfdhmm.webp', 'https://res.cloudinary.com/techhalo/image/upload/v1732891952/techhalo/product-image/ywdb5jxksxsk9x1jlvsr.webp', 'https://res.cloudinary.com/techhalo/image/upload/v1732891962/techhalo/product-image/e3xifg4gz4nny1anwyqi.webp', 'Laptop Gaming MSI GF63 Thin 11UC-1228VN I7-11800H/8GB/512GB PCIE/VGA 4GB RTX3050/15.6inch', 20990000, 999, 0, b'1', 1, 18),
	(48, 'MSPTH00048', 'Laptop MSI Gaming GF63 12VE-460VN là một trong những dòng laptop tốt để chơi game hoặc làm việc với các ứng dụng đòi hỏi tốc độ xử lý cao. Với thiết kế gọn nhẹ, cấu hình mạnh mẽ và màn hình Full HD IPS, phiên bản laptop MSI Gaming này hứa hẹn sẽ khiến các game thủ hài lòng trong từng hoạt động.', 24, '2024-11-29', 'https://res.cloudinary.com/techhalo/image/upload/v1732892105/techhalo/product-image/xqnzb4dneakd7kqamqdh.webp', 'https://res.cloudinary.com/techhalo/image/upload/v1732892109/techhalo/product-image/rb7flckddie7hlo6tis8.webp', 'https://res.cloudinary.com/techhalo/image/upload/v1732892112/techhalo/product-image/ftga2ezuefy0ulyn2jdm.webp', 'https://res.cloudinary.com/techhalo/image/upload/v1732892116/techhalo/product-image/fto3nsssz0rmx6cdlmew.webp', 'https://res.cloudinary.com/techhalo/image/upload/v1732892120/techhalo/product-image/whomdg5ieho9ip9196b8.webp', ' Laptop Gaming MSI GF63 12VE-460VN I5-12450H/8GB/512GB PCIE/VGA 6GB RTX4050/15.6inch', 22490000, 999, 0, b'1', 1, 18),
	(49, 'MSPTH00049', 'Laptop Lenovo Loq 15ARP9 83JC003VVN với bộ vi xử lý AMD Ryzen™ 7 7435HS mạnh mẽ, card đồ họa NVIDIA GeForce RTX 4050, 12GB RAM, ổ cứng 512GB. Màn hình 15.6 inch 144Hz cùng thiết kế hiện đại giúp các nhu cầu từ công việc văn phòng, giải trí, chơi game đến thiết kế đồ họa được đáp ứng trọn vẹn,', 7, '2024-11-29', 'https://res.cloudinary.com/techhalo/image/upload/v1732892304/techhalo/product-image/nb3a3kbfjhrhglpdzksn.webp', 'https://res.cloudinary.com/techhalo/image/upload/v1732892307/techhalo/product-image/iqavknhk3udv3v9ihqjb.webp', 'https://res.cloudinary.com/techhalo/image/upload/v1732892310/techhalo/product-image/nkxss1iajorrw8sukgih.webp', 'https://res.cloudinary.com/techhalo/image/upload/v1732892314/techhalo/product-image/vhx0fxo8qvawczegtham.webp', 'https://res.cloudinary.com/techhalo/image/upload/v1732892323/techhalo/product-image/c7mc3c4qfjv9ionp4ewv.webp', 'Laptop Gaming Lenovo LOQ 15ARP9 83JC003VVN R7-7435HS/12GB/512GB PCIE/VGA 6GB RTX4050/15.6inch 144HZ/WIN11/XÁM', 27490000, 999, 0, b'1', 1, 3),
	(50, 'MSPTH00050', 'Laptop Gaming Acer Nitro 5 Tiger AN515 58 50D2 sở hữu sức mạnh vượt trội nhờ vi xử lý Intel Core i5-12500H, kết hợp với card đồ họa NVIDIA GeForce RTX 3060 6GB. Máy đi kèm với 16GB RAM DDR5 và ổ cứng SSD 512GB, mang lại tốc độ truy xuất dữ liệu nhanh và khả năng đa nhiệm vượt trội. Màn hình 15.6 inch Full HD 165Hz nâng cao chất lượng hiển thị. Thiết kế bền bỉ cùng hệ thống tản nhiệt hiệu quả tối ưu hiệu suất hoạt động trong thời gian dài.', 21, '2024-11-29', 'https://res.cloudinary.com/techhalo/image/upload/v1732892478/techhalo/product-image/eio9qfkwwt469g1oxcxw.webp', 'https://res.cloudinary.com/techhalo/image/upload/v1732892482/techhalo/product-image/evapvnycrmcpppuacdpq.webp', 'https://res.cloudinary.com/techhalo/image/upload/v1732892492/techhalo/product-image/ni3fgmhpyu9ujwevbyi5.webp', 'https://res.cloudinary.com/techhalo/image/upload/v1732892489/techhalo/product-image/nrwl8nhxycqbypq0kl3l.webp', 'https://res.cloudinary.com/techhalo/image/upload/v1732892496/techhalo/product-image/bpskn8afmvk4eboxrhpy.webp', 'Laptop Gaming Acer Nitro 5 Tiger AN515-58-50D2 I5-12500H/16GB/512GB PCIE/VGA 6GB RTX3060/15.6inch', 28990000, 999, 0, b'1', 1, 5),
	(51, 'MSPTH00051', 'Laptop Lenovo LOQ 15IAX9 83GS000RVN sở hữu một hiệu năng mạnh mẽ khi được trang bị bộ vi xử lý Intel Core i5 12450HX cùng card đồ hoạ rời RTX 4050. Đi kèm là 16GB RAM cùng ổ cứng SSD 512GB để có được khả năng đa nhiệm mượt mà, tốc độ đọc/ghi dữ liệu nhanh chóng. Màn hình 15,6 inch Full HD 144Hz tích hợp công nghệ G-Sync được tối ưu để mang tới khả năng hiển thị ấn tượng cho mục đích giải trí.', 4, '2024-11-29', 'https://res.cloudinary.com/techhalo/image/upload/v1732892636/techhalo/product-image/lhfepvwmtto67jx0ghsh.webp', 'https://res.cloudinary.com/techhalo/image/upload/v1732892648/techhalo/product-image/f8makkgfprqoczxqad2n.webp', 'https://res.cloudinary.com/techhalo/image/upload/v1732892672/techhalo/product-image/j3thuigsbddmdrqomggg.webp', 'https://res.cloudinary.com/techhalo/image/upload/v1732892675/techhalo/product-image/ssrhmzpadyy3hnrehq1a.webp', 'https://res.cloudinary.com/techhalo/image/upload/v1732892678/techhalo/product-image/g0hzvcsxn71b040eywdj.webp', 'Laptop Gaming Lenovo LOQ 15IAX9 83GS000RVN I5-12450HX/16GB/512GB PCIE/VGA 6GB RTX4050/15.6inch 144HZ/WIN11/XÁM', 26990000, 999, 0, b'1', 1, 3),
	(52, 'MSPTH00052', 'Laptop MSI Gaming Thin 15 B12UCX-1419VN sử dụng chiếc CPU Intel Core i5-12450H với 8 nhân, 12 luồng, và card đồ họa NVIDIA GeForce RTX 2050 mạnh mẽ. Máy có RAM 8GB DDR4 cùng ổ cứng SSD M.2 PCIe dung lượng 512GB. Máy có màn hình 15.6 inch FHD, tần số quét 144Hz cùng kích thước 359 x 254 x 21.7mm.', 17, '2024-11-29', 'https://res.cloudinary.com/techhalo/image/upload/v1732892815/techhalo/product-image/akse9uptp1f1z4umcfuv.webp', 'https://res.cloudinary.com/techhalo/image/upload/v1732892819/techhalo/product-image/wkq1tev9d2qwvp6icwqa.webp', 'https://res.cloudinary.com/techhalo/image/upload/v1732892823/techhalo/product-image/ygeuffrzmzzindlawiib.webp', 'https://res.cloudinary.com/techhalo/image/upload/v1732892828/techhalo/product-image/txlsa5qk1jehrs0t6mer.webp', 'https://res.cloudinary.com/techhalo/image/upload/v1732892831/techhalo/product-image/lwmifunkocy0fyoaa4za.webp', 'Laptop Gaming MSI Thin 15 B12UCX-1419VN I5-12450H/8GB/512GB PCIE/VGA 4GB RTX2050/15.6inch', 17990000, 999, 0, b'1', 1, 18),
	(53, 'MSPTH00053', 'Laptop Asus ROG Strix G16 G614JU-N4132W được trang bị bộ vi xử lý Intel Core i7-13650HX với xung nhịp 2.6 - 4.9 GHz, RAM 16GB và bộ nhớ trong 512GB. Laptop trang bị màn hình QHD+ 16 inch, tốc độ làm mới 240Hz với công nghệ G-SYNC. Ngoài ra, laptop còn được trang bị pin 4-cell Li-ion dung lượng lớn 90WHrs cùng đa dạng cổng kết nối.', 10, '2024-11-29', 'https://res.cloudinary.com/techhalo/image/upload/v1732892969/techhalo/product-image/okouzjlzx1f5iw9mk5m6.webp', 'https://res.cloudinary.com/techhalo/image/upload/v1732892975/techhalo/product-image/vmznmfcshawaqywtgf04.webp', 'https://res.cloudinary.com/techhalo/image/upload/v1732892987/techhalo/product-image/tmi1vzpkkttvxfzpguxi.webp', 'https://res.cloudinary.com/techhalo/image/upload/v1732892994/techhalo/product-image/eww7pljftxgghil7whr7.webp', 'https://res.cloudinary.com/techhalo/image/upload/v1732892998/techhalo/product-image/ricwpqpcfhmfqejzxwq6.webp', 'Laptop Gaming ASUS ROG Strix G16 G614JU-N4132W I7-13650HX/16GB/512GB PCIE/VGA 6GB RTX4050/16iinch', 38990000, 999, 0, b'1', 1, 2),
	(54, 'MSPTH00054', 'Laptop gaming Acer Nitro V ANV15-41-R7AP sở hữu card đồ họa NVIDIA GeForce RTX 2050 4GB GDDR6 VRAM kết hợp cùng AMD Ryzen 5 7535HS ấn tượng. Ổ cứng SSD 512GB, RAM DDR5 16GB mượt mà, màn hình 15.6 inch Full HD với tần số quét 180Hz. Mẫu laptop Acer Nitro này sở hữu thiết kế hiện đại, cổng kết nối đa dạng và hệ thống tản nhiệt hiệu quả.', 15, '2024-11-29', 'https://res.cloudinary.com/techhalo/image/upload/v1732893165/techhalo/product-image/vb42g2mtbcltwwcazxng.webp', 'https://res.cloudinary.com/techhalo/image/upload/v1732893171/techhalo/product-image/xihyebwmvwrsmyuxasgy.webp', 'https://res.cloudinary.com/techhalo/image/upload/v1732893180/techhalo/product-image/r5zbkm2egj5fwqkvkdi3.webp', 'https://res.cloudinary.com/techhalo/image/upload/v1732893176/techhalo/product-image/izdcyfyuvanpkhvj8nxk.webp', 'https://res.cloudinary.com/techhalo/image/upload/v1732893184/techhalo/product-image/hjjpvvajdxavoshoetk0.webp', 'Laptop Gaming Acer Nitro V 15 ProPanel ANV15-41-R7AP R5-7535HS/16GB/512GB PCIE/VGA 4GB RTX2050/15.6inch', 22990000, 998, 1, b'1', 1, 5),
	(55, 'MSPTH00055', 'Laptop Gaming Lenovo LOQ 15ARP9 83JC0040VN mang lại hiệu năng mạnh mẽ với bộ đôi Ryzen 5 7235HS – RTX 3050 6GB cùng 24GB RAM đảm bảo hiệu suất siêu cao. Với thiết kế tinh tế, các góc cạnh bo tròn và lớp sơn Storm Grey, mang lại cái nhìn đẹp mắt và sang trọng. Màn hình 15.6 inch Full HD với viền mỏng, độ phủ màu 100% sRGB và tần số quét 144Hz mang lại hình ảnh sắc nét và trải nghiệm chơi game mượt mà. ', 11, '2024-11-29', 'https://res.cloudinary.com/techhalo/image/upload/v1732893275/techhalo/product-image/wdnjo8spestccogjh1gk.webp', 'https://res.cloudinary.com/techhalo/image/upload/v1732893310/techhalo/product-image/qhpuf6v4mvlcs5bwsexb.webp', 'https://res.cloudinary.com/techhalo/image/upload/v1732893313/techhalo/product-image/ddyc47cb532vvlwjqsau.webp', 'https://res.cloudinary.com/techhalo/image/upload/v1732893318/techhalo/product-image/rdmlqiuezehzqgdem2jg.webp', 'https://res.cloudinary.com/techhalo/image/upload/v1732893321/techhalo/product-image/wfbpvzgcwcvmmczb3t09.webp', 'Laptop Gaming Lenovo LOQ 15ARP9 83JC007JVN R5-7235HS/24GB/512GB PCIE/VGA 6GB RTX3050/15.6inch', 24490000, 999, 0, b'1', 1, 3),
	(56, 'MSPTH00056', 'Laptop Lenovo LOQ 15ARP9 83JC003YVN sở hữu CPU AMD Ryzen 7 7435HS với 8 nhân 16 luồng, đồ họa NVIDIA GeForce RTX 4060 8GB GDDR6, RAM 24GB. Ổ cứng 512GB SSD PCIe có thể nâng cấp lên 1TB. Màn hình 15.6 inch, Full HD, tần số quét ấn tượng tới 144Hz. Mẫu laptop Lenovo LOQ này có thời lượng pin lớn với viên pin 60Wh cùng đầy đủ các cổng kết nối phổ biến.', 7, '2024-11-29', 'https://res.cloudinary.com/techhalo/image/upload/v1732893461/techhalo/product-image/cvo9jqt7bkaqv77ivhzb.webp', 'https://res.cloudinary.com/techhalo/image/upload/v1732893467/techhalo/product-image/fxh9eb0gisknxbfc9sbh.webp', 'https://res.cloudinary.com/techhalo/image/upload/v1732893471/techhalo/product-image/x0etfm4y60hp77t8jwwp.webp', 'https://res.cloudinary.com/techhalo/image/upload/v1732893474/techhalo/product-image/ksut3luv933eys2rkmgj.webp', 'https://res.cloudinary.com/techhalo/image/upload/v1732893485/techhalo/product-image/vc2e33wud2uyp1lg8ocj.webp', 'Laptop Gaming Lenovo LOQ 15ARP9 83JC003YVN R7-7435HS/24GB/512GB PCIE/VGA 8GB RTX4060/15.6inch', 31490000, 999, 0, b'1', 1, 3),
	(57, 'MSPTH00057', 'Laptop MSI Gaming Thin 15 B13UC-2081VN được tích hợp vi xử lý Intel Core i5-13420H với dung lượng RAM 16GB cùng ổ cứng SSD PCIE có dung lượng 512GB. Laptop MSI có kích thước màn hình 15.6 inch kết hợp cùng tấm nền IPS Full HD. Ngoài ra, laptop còn trang bị viên pin 52.4Whr cùng sạc công suất lớn tiện lợi.', 18, '2024-11-29', 'https://res.cloudinary.com/techhalo/image/upload/v1732893671/techhalo/product-image/etbinmhepamvesjnuizt.webp', 'https://res.cloudinary.com/techhalo/image/upload/v1732893666/techhalo/product-image/aiyus53m7qy2lmuyeehv.webp', 'https://res.cloudinary.com/techhalo/image/upload/v1732893676/techhalo/product-image/jevff3ujrlr1d7lp7hku.webp', 'https://res.cloudinary.com/techhalo/image/upload/v1732893680/techhalo/product-image/ydz2za6e9tipztiqotgt.webp', 'https://res.cloudinary.com/techhalo/image/upload/v1732893683/techhalo/product-image/d1uf0xbiyls6t96i92oa.webp', 'Laptop Gaming MSI Thin 15 B13UC-2081VN I5-13420H/16GB/512GB PCIE/VGA 4GB RTX3050/15.6inch', 21990000, 999, 0, b'1', 1, 18),
	(58, 'MSPTH00058', 'Laptop Lenovo LOQ 15IRX9 83DV00UFVN mang theo bộ xử lý Intel Core i7-13650HX cùng với card đồ họa NVIDIA GeForce RTX 4060 cho phép hoạt động ổn đinh. Bên cạnh đó, chiếc laptop Lenovo này còn được tăng cường không gian lưu trữ và tốc độ truy xuất qua bộ nhớ RAM DDR5 24GB, cùng ổ cứng chuẩn PCIe 512GB. Kèm theo đó, màn hình 15.6’’ cung cấp tần số quét 144Hz với độ phân giải Full HD cho người dùng tận hưởng thị giác xuất sắc. Mặt khác, dung lượng pin cao của máy tính cũng hỗ trợ đáp ứng tốt tác vụ trong thời gian dài. ', 8, '2024-11-29', 'https://res.cloudinary.com/techhalo/image/upload/v1732893840/techhalo/product-image/zz6mvt8pejxccjz91r6e.webp', 'https://res.cloudinary.com/techhalo/image/upload/v1732893844/techhalo/product-image/qgfvuylozdozwgxu86nl.png', 'https://res.cloudinary.com/techhalo/image/upload/v1732893852/techhalo/product-image/xa6taiqfe3tfimu1va1h.webp', 'https://res.cloudinary.com/techhalo/image/upload/v1732893857/techhalo/product-image/qxdajasr5ixlgyerr0wy.webp', 'https://res.cloudinary.com/techhalo/image/upload/v1732893861/techhalo/product-image/hieaxza3irmohq2rdbzr.webp', 'Laptop Gaming Lenovo LOQ 15IRX9 83DV00UFVN I7-13650HX/24GB/512GB PCIE/VGA 8GB RTX4060/15.6', 35990000, 999, 0, b'1', 1, 3),
	(59, 'MSPTH00059', 'Laptop Asus TUF Gaming A14 FA401WV-RG062WS trang bị CPU AMD Ryzen 9 AI 9 HX 370 với tốc độ 2.0-5.1GHz, card đồ họa NVIDIA RTX 4060 8GB và RAM 16GB. Máy sử dụng màn hình 14 inch 2.5K, tần số quét 165Hz, pin 73WHrs hỗ trợ sạc nhanh. Máy có kích thước 31.1 x 22.7 x 1.69 ~ 1.99 cm, màu Jaeger Gray, hỗ trợ nhiều cổng kết nối và Wi-Fi 6E.', 7, '2024-11-29', 'https://res.cloudinary.com/techhalo/image/upload/v1732894021/techhalo/product-image/ziawkeamyt9jkhod0abs.webp', 'https://res.cloudinary.com/techhalo/image/upload/v1732894025/techhalo/product-image/tqmfmxucowdd4mssickb.webp', 'https://res.cloudinary.com/techhalo/image/upload/v1732894038/techhalo/product-image/s9l1dyqbeibgzhkmmyy5.webp', 'https://res.cloudinary.com/techhalo/image/upload/v1732894041/techhalo/product-image/p8nymsozzwivwceuhtsn.webp', 'https://res.cloudinary.com/techhalo/image/upload/v1732894046/techhalo/product-image/pmtcjken3es1yimio1rf.webp', 'Laptop Gaming ASUS TUF A14 FA401WV-RG062WS Ryzen AI 9 HX 370/16GB/1TB PCIE/VGA 8GB RTX4060/14inch', 44990000, 999, 0, b'1', 1, 2),
	(60, 'MSPTH00060', 'Laptop Lenovo Legion 7 16IRX9 83FD004MVN sở hữu cấu hình cực khủng khi được trang bị chip Intel Core i9-14900HX, VGA NVIDIA GeForce RTX 4070 cùng 32GB RAM và ổ cứng SSD 512GB. Với màn hình 16 inch 3.2K, người dùng sẽ luôn trải nghiệm được những khung hình với độ sắc nét cao, mượt mà trong quá trình làm việc, chơi game. Đi kèm laptop Lenovo Legion này là một thiết kế cứng cáp, mạnh mẽ và sang trọng để phù hợp sử dụng trong nhiều không gian.', 9, '2024-11-29', 'https://res.cloudinary.com/techhalo/image/upload/v1732894200/techhalo/product-image/dflzydode9x5p1hdu7wy.webp', 'https://res.cloudinary.com/techhalo/image/upload/v1732894204/techhalo/product-image/htsxmeof3bqrua5raqjq.webp', 'https://res.cloudinary.com/techhalo/image/upload/v1732894208/techhalo/product-image/hdkgspw8tjai0evgnwty.webp', 'https://res.cloudinary.com/techhalo/image/upload/v1732894212/techhalo/product-image/ixfwqjjzx2y5gn9fe4hy.webp', 'https://res.cloudinary.com/techhalo/image/upload/v1732894218/techhalo/product-image/uqazq97ym4a5tsegp9yk.webp', 'Laptop Gaming Lenovo Legion 7 16IRX9 83FD004MVN I9-14900HX/32GB/1TB PCIE/VGA 8GB RTX4070/16inch', 66990000, 999, 0, b'1', 1, 3),
	(61, 'MSPTH00061', 'Laptop Asus TUF Gaming A15 FA506NC-HN011W được trang bị bộ vi xử lý AMD Ryzen 5 7535HS Processor cùng card đồ họa NVIDIA® GeForce RTX™ 3050 Laptop GPU. RAM 8GB chuẩn DDR5-5600 kết hợp với SSD tốc độ cao PCIe 4.0 NVME M.2 dung lượng 512GB cho khả năng đa nhiệm hiệu quả. Màn hình FHD 15.6 inch với tần số quét 144Hz có công nghệ chống lóa tia Anti-glare. ', 20, '2024-11-29', 'https://res.cloudinary.com/techhalo/image/upload/v1732894559/techhalo/product-image/tret1vqbag43wxzvfvpa.webp', 'https://res.cloudinary.com/techhalo/image/upload/v1732894563/techhalo/product-image/xrjtmour50hepgp9lg5f.webp', 'https://res.cloudinary.com/techhalo/image/upload/v1732894568/techhalo/product-image/wrerxidumultdmysmqlu.webp', 'https://res.cloudinary.com/techhalo/image/upload/v1732894584/techhalo/product-image/sde4fj6qr8v6mryj9pqj.webp', 'https://res.cloudinary.com/techhalo/image/upload/v1732894588/techhalo/product-image/acqixgoyxfqes9zgayyl.webp', 'Laptop Gaming  ASUS TUF A15 FA506NC-HN011W R5-7535HS/8GB/512GB PCIE/VGA 4GB RTX3050/15.6', 21990000, 999, 0, b'1', 1, 2),
	(62, 'MSPTH00062', 'Laptop MSI Gaming Thin GF63 12VE-454VN là một chiếc laptop gaming sở hữu bộ xử lý Intel Core i5 và card đồ họa NVIDIA GeForce RTX 4050 mạnh mẽ vượt trội. Với bộ nhớ RAM 16GB DDR4 3200 và ổ cứng SSD 512GB giúp truy cập dữ liệu nhanh chóng. Pin 52.4 Wh giúp sử dụng thoải mái trong thời gian dài, và cổng kết nối đa dạng bao gồm USB Type-C/DP, USB Type A, HDMI, … Màn hình 15.6 inch IPS FHD với tần số quét 144Hz mang lại trải nghiệm hiển thị sống động. ', 28, '2024-11-29', 'https://res.cloudinary.com/techhalo/image/upload/v1732894763/techhalo/product-image/hhahqzodva6uwipgioxt.webp', 'https://res.cloudinary.com/techhalo/image/upload/v1732894909/techhalo/product-image/au8y3ppqae5qj6hhrnsp.webp', 'https://res.cloudinary.com/techhalo/image/upload/v1732894913/techhalo/product-image/fqrl6arrmfy2vinobwnl.webp', 'https://res.cloudinary.com/techhalo/image/upload/v1732894918/techhalo/product-image/kefjfoizaorvgrg1ripi.webp', 'https://res.cloudinary.com/techhalo/image/upload/v1732894923/techhalo/product-image/gkypiu8e8ksz0yaqysfo.webp', 'Laptop Gaming MSI Thin GF63 12VE-454VN I5-12450H/16GB/512GB PCIE/VGA 6GB RTX4050/15.6inch', 22990000, 1998, 0, b'1', 1, 18),
	(63, 'MSPTH00063', 'Laptop ASUS TUF Gaming A15 FA507NUR LP101W là dòng máy tính xách tay chuyên dụng cho gaming với màn hình 15.6 inch và tần số quét 144Hz vượt trội. Laptop sở hữu hiệu năng gaming ấn tượng với CPU AMD Ryzen 7 7435HS và NVIDIA GeForce RTX 4050 6GB. ASUS TUF Gaming A15 có phần vỏ máy làm từ chất liệu bền bỉ, giúp chịu được va đập và tác động mạnh, phù hợp với những ai thường xuyên di chuyển.', 13, '2024-11-29', 'https://res.cloudinary.com/techhalo/image/upload/v1732895123/techhalo/product-image/xo6aoe3ilkqq8aqjhjie.webp', 'https://res.cloudinary.com/techhalo/image/upload/v1732895129/techhalo/product-image/jxpsrcfm8uakexrkambn.webp', 'https://res.cloudinary.com/techhalo/image/upload/v1732895133/techhalo/product-image/bojvyww38fxk2fkir4m0.webp', 'https://res.cloudinary.com/techhalo/image/upload/v1732895139/techhalo/product-image/aiemhnbhozrllu4zxj2v.webp', 'https://res.cloudinary.com/techhalo/image/upload/v1732895145/techhalo/product-image/lzyl3al6eno2ebwvrcmw.webp', 'Laptop Gaming  ASUS TUF A15 FA507NUR-LP101W R7-7435HS/16GB/512GB PCIE/VGA 6GB RTX4050/15.6inch', 22990000, 999, 0, b'1', 1, 2),
	(64, 'MSPTH00064', 'Laptop Asus Rog Strix G16 G614JV-N4156W sở hữu cấu hình mạnh với chip Intel Core i7-13650HX cùng với card VGA 8GB RTX4060 vượt trội. Laptop với màn hình kích thước lớn 16 inch cùng độ phân giải lên đến QHD+ hiển thị sắc nét. Cùng với đó laptop Asus gaming này còn sở hữu hệ thóng 3 quạt tản nhiệt giúp máy hoạt động ổn định.', 10, '2024-11-29', 'https://res.cloudinary.com/techhalo/image/upload/v1732895279/techhalo/product-image/kgpimbt8isjqu8fho6ri.webp', 'https://res.cloudinary.com/techhalo/image/upload/v1732895283/techhalo/product-image/peud5p1dn5185fgu378x.webp', 'https://res.cloudinary.com/techhalo/image/upload/v1732895297/techhalo/product-image/cyuwya8ounqadlzp2uyc.webp', 'https://res.cloudinary.com/techhalo/image/upload/v1732895293/techhalo/product-image/ci93h1fyzuv4lmgqn6cn.webp', 'https://res.cloudinary.com/techhalo/image/upload/v1732895303/techhalo/product-image/qjlcvbeusugvyudvigoi.webp', 'Laptop Gaming ASUS ROG Strix G16 G614JV-N4156W I7-13650HX/16GB/512GB PCIE/VGA 8GB RTX4060/16inch', 40990000, 999, 0, b'1', 1, 2),
	(65, 'MSPTH00065', 'Laptop Lenovo LOQ 15IAX9 83GS001QVN với cấu hình Intel® Core™ i5-12450HX với xung nhịp đến 4,4 GHz cùng 8 lõi và 12 luồng. Laptop với sự hỗ trợ của card đồ họa NVIDIA® GeForce RTX™ 4050. Cùng với đó là một màn hình 15,6 inch cùng gam màu 100% sRGB hiển thị sống động.', 7, '2024-11-29', 'https://res.cloudinary.com/techhalo/image/upload/v1732895457/techhalo/product-image/bku3biavpsh8zkct85xn.webp', 'https://res.cloudinary.com/techhalo/image/upload/v1732895468/techhalo/product-image/yjwn8j4v2bifbjqtsn8h.webp', 'https://res.cloudinary.com/techhalo/image/upload/v1732895476/techhalo/product-image/pd32n6k1bnesasx56nyt.webp', 'https://res.cloudinary.com/techhalo/image/upload/v1732895480/techhalo/product-image/rovyzmwt96txlbnspxpk.webp', 'https://res.cloudinary.com/techhalo/image/upload/v1732895484/techhalo/product-image/wjmmnevq9yq4ube293ez.webp', 'Laptop Gaming Lenovo LOQ 15IAX9 83GS001QVN I5-12450HX/12GB/512GB PCIE/VGA 6G RTX4050/15.6inch', 26990000, 999, 0, b'1', 1, 3),
	(66, 'MSPTH00066', 'Laptop Asus Vivobook 15 X1504ZA-NJ517W được trang bị bộ vi xử lý Intel Core i5-1235U cùng card đồ họa Intel Xe Graphics hạn chế độ trễ của khung hình. Sản phẩm sử dụng RAM 16GB DDR4 với ổ cứng SSD M.2 NVMe PCIe 3.0 dung lượng 512GB cung cấp kho lưu trữ lớn. Màn hình FHD 15.6 inch theo chuẩn tỉ lệ 16:9 tích hợp công nghệ màn hình Anti-Glare chống lóa. Thiết kế máy mỏng gọn với bản lề xoay 180 độ linh hoạt, dễ điều chỉnh', 18, '2024-11-29', 'https://res.cloudinary.com/techhalo/image/upload/v1732895749/techhalo/product-image/x1mgukajmedopsszvkmp.webp', 'https://res.cloudinary.com/techhalo/image/upload/v1732895752/techhalo/product-image/qie5efiycxly0mk23uee.webp', 'https://res.cloudinary.com/techhalo/image/upload/v1732895755/techhalo/product-image/lk9vfhr9hallo6x07qpw.webp', 'https://res.cloudinary.com/techhalo/image/upload/v1732895758/techhalo/product-image/kmz0skrz9szhnsmzftae.webp', 'https://res.cloudinary.com/techhalo/image/upload/v1732895761/techhalo/product-image/nmgigrtuue25caivv6vp.webp', 'Laptop ASUS Vivobook 15 X1504ZA-NJ517W I5-1235U/16GB/512GB PCIE/15.6 FHD/WIN11/BẠC', 16490000, 999, 0, b'1', 2, 2),
	(67, 'MSPTH00067', 'Laptop Acer Aspire 3 Spin 14 A3SP14-31PT-387Z với chip Intel Core i3-N305, 8GB RAM và SSD 512GB, mang lại hiệu năng ổn định cho các tác vụ, kể cả đồ hoạ. Thiết bị này còn có màn hình cảm ứng 14 inch, giúp thao tác trực quan và tiện lợi hơn. Đặc biệt hơn, phân khúc laptop Acer Aspire này cũng thể xoay 360 độ, dễ dàng biến hoá thành một chiếc tablet nhanh chóng và linh hoạt.', 37, '2024-11-29', 'https://res.cloudinary.com/techhalo/image/upload/v1732895864/techhalo/product-image/ngkvfrc2q5elxlgwzkmg.webp', 'https://res.cloudinary.com/techhalo/image/upload/v1732895867/techhalo/product-image/dsd9yyxais3xxpmwrijr.webp', 'https://res.cloudinary.com/techhalo/image/upload/v1732895870/techhalo/product-image/ucn51bosd4u6exraiqgt.webp', 'https://res.cloudinary.com/techhalo/image/upload/v1732895881/techhalo/product-image/wc0bvabnbmalktrfzgoq.webp', 'https://res.cloudinary.com/techhalo/image/upload/v1732895884/techhalo/product-image/drclhhvtmqwggvinnwte.webp', 'Laptop Acer Aspire 3 Spin A3SP14-31PT-387Z I3-N305/8GB/512GB/14.0 FHD+/CẢM ỨNG/WIN11/XÁM', 14990000, 999, 0, b'1', 2, 5),
	(68, 'MSPTH00068', 'Laptop Lenovo IdeaPad Slim 5 14Q8X9 83HL000KVN xử lý mượt mà mọi tác vụ công việc và giải trí nhờ sự kết hợp CPU Qualcomm Snapdragon X Plus kèm RAM 16GB. Cùng với đó, ổ cứng SSD PCIe dung lượng 512GB cũng hỗ trợ tăng cường tốc độ truy xuất và không gian lưu trữ. Ngoài ra, màn hình WUXGA 14 inch còn giúp người dùng thưởng thức nội dung chi tiết, rõ ràng. ', 8, '2024-11-29', 'https://res.cloudinary.com/techhalo/image/upload/v1732896001/techhalo/product-image/l3r8csvjxla2kc1vzwse.webp', 'https://res.cloudinary.com/techhalo/image/upload/v1732896003/techhalo/product-image/xmcfnralpd6cgrj7xclm.webp', 'https://res.cloudinary.com/techhalo/image/upload/v1732896060/techhalo/product-image/r8lzqh6px3jm1wdelod3.webp', 'https://res.cloudinary.com/techhalo/image/upload/v1732896092/techhalo/product-image/ssdfshb0zjswe28onyyy.webp', 'https://res.cloudinary.com/techhalo/image/upload/v1732896066/techhalo/product-image/fli4wqbsi54buy7x6rsq.webp', 'Laptop Lenovo IdeaPad Slim 5 14Q8X9 83HL000KVN Copilot+X PLUS X1P/16GB/512GB PCIE/14inch', 24990000, 999, 0, b'1', 2, 3),
	(69, 'MSPTH00069', 'Apple Macbook Air 13 M3 với con chip Apple M3 mạnh mẽ cùng công nghệ dò tia tốc độ cao mang lại trải nghiệm dùng mượt mà. Laptop sở hữu một thiết kế siêu mỏng với độ dày 1,13 cm giúp người dùng dễ dàng mang theo. Macbook Air 13 được trang bị wifi 6E mang lại tốc độ nhanh hơn đến 2x lần so với wifi 622.', 9, '2024-11-29', 'https://res.cloudinary.com/techhalo/image/upload/v1732896213/techhalo/product-image/xnkbgf3byhyddixrj4ke.webp', 'https://res.cloudinary.com/techhalo/image/upload/v1732896218/techhalo/product-image/v9tc1zbk3zarx43auyud.webp', 'https://res.cloudinary.com/techhalo/image/upload/v1732896222/techhalo/product-image/ulb1za0d2yqjrcapb3ty.webp', 'https://res.cloudinary.com/techhalo/image/upload/v1732896239/techhalo/product-image/yuuftieq4wbgohunzujd.webp', 'https://res.cloudinary.com/techhalo/image/upload/v1732896243/techhalo/product-image/lqvwrg54hf7hl0jkpstw.webp', 'MacBook Air M3 13 inch 2024 8GB - 256GB | Chính hãng Apple Việt Nam', 27990000, 999, 0, b'1', 2, 1),
	(70, 'MSPTH00070', 'Masstel E140 đáp ứng tốt tác vụ làm việc, học tập với con chip Intel Celeron N4120, card đồ họa Intel UHD Graphics kết hợp RAM 4 GB và SSD 128GB. Trải nghiệm học tập trực tuyến sắc nét với màn hình 14 inch cùng độ phân giải HD cùng camera độ phân giải HD tích hợp. Cùng với trọng lượng nhẹ chỉ 1.39kg giúp người dùng dễ dàng di chuyển, phục vụ học tập và làm việc.', 55, '2024-11-29', 'https://res.cloudinary.com/techhalo/image/upload/v1732896317/techhalo/product-image/sds6lna6ey10wjnveels.webp', 'https://res.cloudinary.com/techhalo/image/upload/v1732896319/techhalo/product-image/ezcpnfgylieg1v0sf53i.webp', 'https://res.cloudinary.com/techhalo/image/upload/v1732896329/techhalo/product-image/w3nktpxua3jh6vcmziuk.webp', 'https://res.cloudinary.com/techhalo/image/upload/v1732896333/techhalo/product-image/rvwfwx2vjtjd3bwvd4sk.webp', 'https://res.cloudinary.com/techhalo/image/upload/v1732896336/techhalo/product-image/g70pl7j914ufzenvpsgv.webp', 'Laptop Masstel E140 Celeron N4120/4GB/128GB/14.0 HD/WIN10/XÁM', 7990000, 999, 0, b'1', 2, 12),
	(71, 'MSPTH00071', 'Laptop Lenovo Ideapad Slim 5 14IAH8 83BF002NVN là một lựa chọn đáng cân nhắc trong phân khúc tầm trung. Với thiết kế hiện đại, mỏng nhẹ cùng bộ nhớ ấn tượng, sản phẩm laptop Lenovo Ideapad hứa hẹn sẽ khiến người dùng hài lòng.', 8, '2024-11-29', 'https://res.cloudinary.com/techhalo/image/upload/v1732896407/techhalo/product-image/rywbpdwsgnw73bzpkaki.webp', 'https://res.cloudinary.com/techhalo/image/upload/v1732896415/techhalo/product-image/q3dx5wjjgu1ryyryhgpv.webp', 'https://res.cloudinary.com/techhalo/image/upload/v1732896434/techhalo/product-image/eliumm1o0lnijntzgohe.webp', 'https://res.cloudinary.com/techhalo/image/upload/v1732896430/techhalo/product-image/ddz6mjuxwem0boregn9p.webp', 'https://res.cloudinary.com/techhalo/image/upload/v1732896427/techhalo/product-image/ltuzwr2czibelzuqnrsw.webp', 'Laptop Lenovo Ideapad Slim 5 14IAH8 83BF002NVN I5-12450H/16GB/512GB PCIE/14.0 WUXGA/WIN11/XÁM', 17290000, 999, 0, b'1', 2, 3),
	(72, 'MSPTH00072', 'Macbook Air M3 13 inch 2024 16GB 256GB được trang bị con chip Apple M3 bao gồm 4 lõi hiệu suất cao, 4 lõi tiết kiệm điện cùng GPU 10 nhân. Bên cạnh đó, chiếc Macbook còn đi kèm với màn hình Liquid Retina có kích thước 13.6 inch với khả năng hiển thị hình ảnh bắt mắt. Máy cũng hỗ trợ công suất sạc 30W và công nghệ Wifi 6E tiên tiến.', 4, '2024-11-29', 'https://res.cloudinary.com/techhalo/image/upload/v1732896499/techhalo/product-image/u5lbcqnjllixkklg8uu5.webp', 'https://res.cloudinary.com/techhalo/image/upload/v1732896502/techhalo/product-image/qnlcbz14topl5sxiaqci.webp', 'https://res.cloudinary.com/techhalo/image/upload/v1732896510/techhalo/product-image/msa28ozuqxixkaov4z9j.webp', 'https://res.cloudinary.com/techhalo/image/upload/v1732896505/techhalo/product-image/cvsdaxrvqqvnirt9gxvx.webp', 'https://res.cloudinary.com/techhalo/image/upload/v1732896513/techhalo/product-image/lfihyzjbxhmj8okktnrm.webp', 'MacBook Air M3 13 inch 2024 8CPU 8GPU 16GB - 256GB sạc 30W | Chính hãng Apple Việt Nam', 27990000, 999, 0, b'1', 2, 1),
	(73, 'MSPTH00073', 'Laptop Asus Vivobook 14 OLED A1405ZA-KM263W sở hữu một cấu hình với chip Intel® Core™ i7-12700H với bộ nhớ đệm đến 24M cùng xung nhịp đỉnh 4.7Ghz. Cùng với đó laptop Asus Vivobook này còn được trang bị 16GB RAM chuẩn DDR4 cùng ổ cứng SSD chuẩn NVMe™ PCIe® 3.0 với dung lượng 512GB. Laptop còn sở hữu khả năng hiển thị vượt trội với màn hình OLED 2.8K với kích thước 14 inch cùng độ phủ màu 100% DCI-P3 sống động.', 12, '2024-11-29', 'https://res.cloudinary.com/techhalo/image/upload/v1732896564/techhalo/product-image/up6m18mqtlh0i7b8pcjp.webp', 'https://res.cloudinary.com/techhalo/image/upload/v1732896569/techhalo/product-image/fuus6pzhxze4ghbvr7e3.webp', 'https://res.cloudinary.com/techhalo/image/upload/v1732896585/techhalo/product-image/qn5ytdwqjud1yxm3fsxy.webp', 'https://res.cloudinary.com/techhalo/image/upload/v1732896589/techhalo/product-image/iwychxaocqgm03nex7w0.webp', 'https://res.cloudinary.com/techhalo/image/upload/v1732896592/techhalo/product-image/tojpvsjvmrryfj5koboo.webp', 'Laptop ASUS Vivobook 14 OLED A1405ZA-KM263W I7-12700H/16GB/512GB PCIE/14.0 2.8K OLED/WIN11/BẠC', 20490000, 999, 0, b'1', 2, 2),
	(74, 'MSPTH00074', 'Laptop Dell Inspiron 15 3520-5810BLK 102F0 trang bị con chip Core i5-1155G7 thế hệ 11 với hiệu năng ấn tượng, 8GB RAM nâng cấp tối đa đến 16GB thoải mái lưu trữ. Laptop Dell Inspiron 15 3520-5810BLK 102F0 cảm ứng với thiết kế nhỏ gọn, trọng lượng chỉ 1.9kg , màn hình 15.6 inch chất lượng Full HD cực rõ nét.', 9, '2024-11-29', 'https://res.cloudinary.com/techhalo/image/upload/v1732896702/techhalo/product-image/qrhue2uekvn6iuqmcezn.webp', 'https://res.cloudinary.com/techhalo/image/upload/v1732896705/techhalo/product-image/damffgr8imtlzknnsfrb.webp', 'https://res.cloudinary.com/techhalo/image/upload/v1732896716/techhalo/product-image/wbjteotcbjepoxxaq9m6.webp', 'https://res.cloudinary.com/techhalo/image/upload/v1732896730/techhalo/product-image/khjqvbqfwuzaud80pjr5.webp', 'https://res.cloudinary.com/techhalo/image/upload/v1732896734/techhalo/product-image/ld3korhiegjk8wz8lfxq.webp', 'Laptop Dell Inspiron 15 3520-5810BLK 102F0 I5-1155G7/8GB/256GB PCIE/15.6 FHD/CẢM ỨNG/WIN11', 13990000, 999, 0, b'1', 2, 7),
	(75, 'MSPTH00075', 'Laptop Asus Vivobook Go 14 E1404FA-NK177W – Thiết kế mỏng nhẹ, hiệu năng ổn định. Là một sản phẩm thuộc series Asus Vivobook do đó laptop Asus Vivobook Go 14 E1404FA-NK177W sở hữu nhiều đặc điểm của series này. Bên cạnh đó là nhiều tính năng được nâng cấp, hỗ trợ tối ưu trong quá trình sử dụng của người dùng.\n', 18, '2024-11-29', 'https://res.cloudinary.com/techhalo/image/upload/v1732896855/techhalo/product-image/kybwrnudngwvtfjvyhjy.webp', 'https://res.cloudinary.com/techhalo/image/upload/v1732896858/techhalo/product-image/rc3ail40wsr9chqinklm.webp', 'https://res.cloudinary.com/techhalo/image/upload/v1732896861/techhalo/product-image/ltvbgzndobxxpsmh4tpj.webp', 'https://res.cloudinary.com/techhalo/image/upload/v1732896867/techhalo/product-image/gcsxea3y0vra4ag1s6do.webp', 'https://res.cloudinary.com/techhalo/image/upload/v1732896878/techhalo/product-image/khdf37dwn8yp2cqabxfu.webp', 'Laptop ASUS VivoBook Go 14 E1404FA-NK177W R5-7520U/16GB/512GB PCIE/14.0 FHD/WIN11/BẠC', 14490000, 998, 1, b'1', 2, 2),
	(76, 'MSPTH00076', 'Laptop Asus Vivobook Go 15 E1504FA-NJ454W được hoàn thiện với phần vỏ cứng cáp từ vật liệu cao cấp cùng màn hình FHD rộng 15.6 inch, chuẩn tỉ lệ 16:9. Máy sở hữu con chip Ryzen 5 7520U 4 lõi, 8 luồng cho xung nhịp tối đa lên tới 4.3GHz. Cùng với đó là RAM 16GB LPDDR5 16GB và bộ nhớ trong dung lượng 512GB thoải mái lưu trữ. Sản phẩm laptop Asus Vivobook trang bị các cổng kết nối thông dụng như Type-C, USB 2.0 và USB 3.2,...', 17, '2024-11-29', 'https://res.cloudinary.com/techhalo/image/upload/v1732896941/techhalo/product-image/msdwtfscxomuqmk01equ.webp', 'https://res.cloudinary.com/techhalo/image/upload/v1732896957/techhalo/product-image/ijqfuv2wyvbhd5floivp.webp', 'https://res.cloudinary.com/techhalo/image/upload/v1732896965/techhalo/product-image/w1t8fuvygdctmckotdbn.webp', 'https://res.cloudinary.com/techhalo/image/upload/v1732896969/techhalo/product-image/c5hc0glko0hymztf2wzn.webp', 'https://res.cloudinary.com/techhalo/image/upload/v1732896974/techhalo/product-image/qpjjlgmjx1q32yggzuca.webp', 'Laptop ASUS Vivobook GO 15 E1504FA-NJ454W R5-7520U/16GB/512GB PCIE/15.6 FHD/WIN11/BẠC', 14490000, 999, 0, b'1', 2, 2),
	(77, 'MSPTH00077', 'Laptop Lenovo IdeaPad Slim 3 14IAH8 83EQ0005VN là dòng laptop văn phòng mỏng nhẹ với độ dày chỉ 17.9mm cùng trọng lượng 1.37kg có thể dễ dàng mang theo. Đồng thời, chiếc laptop này vẫn đảm bảo hiệu năng mạnh mẽ nhờ con chip Intel Core i5-12450H.', 10, '2024-11-29', 'https://res.cloudinary.com/techhalo/image/upload/v1732897094/techhalo/product-image/lkrstppipv1oopbess6g.webp', 'https://res.cloudinary.com/techhalo/image/upload/v1732897103/techhalo/product-image/vpy9lw4epghmr6bq8pvr.webp', 'https://res.cloudinary.com/techhalo/image/upload/v1732897110/techhalo/product-image/e5n0qyit88xj82lnffof.webp', 'https://res.cloudinary.com/techhalo/image/upload/v1732897113/techhalo/product-image/fr4bgscrjmanjaq6ebkm.webp', 'https://res.cloudinary.com/techhalo/image/upload/v1732897121/techhalo/product-image/llttxww2lxkrjukrx14j.webp', 'Laptop Lenovo IdeaPad Slim 3 14IAH8 83EQ0005VN I5-12450H/16GB/512GB PCIE/14.0 FHD/WIN11/XÁM', 15490000, 999, 0, b'1', 2, 3),
	(78, 'MSPTH00078', 'Laptop Acer Aspire 5 Spin 14 A5SP14-51MTN-573X sở hữu cấu hình mạnh mẽ với chip Intel Core i5-1335U, RAM LPDDR5 16GB có xung nhịp tối đa lên đến 5200Mhz. Máy được trang bị bộ nhớ trong SSD có dung lượng 512GB. Ngoài ra, laptop còn sở hữu màn hình 14 inch với độ phân giải FHD+ có tích hợp chức năng cảm ứng. ', 29, '2024-11-29', 'https://res.cloudinary.com/techhalo/image/upload/v1732897196/techhalo/product-image/bnwkpinis0prny6dgqlm.webp', 'https://res.cloudinary.com/techhalo/image/upload/v1732897200/techhalo/product-image/kfiuzghiysi78ao3h1h4.webp', 'https://res.cloudinary.com/techhalo/image/upload/v1732897220/techhalo/product-image/ddgjeli64uelrkavpdi2.webp', 'https://res.cloudinary.com/techhalo/image/upload/v1732897225/techhalo/product-image/c2fwcc8lxkbqb6knlzgn.webp', 'https://res.cloudinary.com/techhalo/image/upload/v1732897229/techhalo/product-image/idtxduvjkvj0g4f39jv0.webp', 'Laptop Acer Aspire 5 Spin 14 A5SP14-51MTN-573X I5-1335U/16GB/512GB/14inch', 20990000, 999, 0, b'1', 2, 5),
	(79, 'MSPTH00079', 'Laptop Asus Vivobook 14 X1404ZA-NK386W là mẫu laptop văn phòng sở hữu khả năng xử lý mạnh mẽ với bộ vi xử lý Intel Core i3 1215U và đồ hoạ ấn tượng với VGA Intel Iris Xe Graphics. Đi kèm là tốc độ truy cập dữ liệu nhanh chóng với 8 GB RAM DDR4 và bộ nhớ trong SSD 512 GB. Màn hình kích thước 14 inch cùng độ phân giải Full HD và khả năng gập mở 180 độ sẽ mang tới một trải nghiệm hình ảnh khác biệt, vượt trội hơn.', 19, '2024-11-29', 'https://res.cloudinary.com/techhalo/image/upload/v1732897302/techhalo/product-image/wsyqkidotwla1oq5wdje.webp', 'https://res.cloudinary.com/techhalo/image/upload/v1732897307/techhalo/product-image/hvdnzh2hqtezbnawqz0a.webp', 'https://res.cloudinary.com/techhalo/image/upload/v1732897312/techhalo/product-image/tqmv2yawjwvgug5rxiko.webp', 'https://res.cloudinary.com/techhalo/image/upload/v1732897319/techhalo/product-image/jnlchgcsnhlgnbf1ibdp.webp', 'https://res.cloudinary.com/techhalo/image/upload/v1732897323/techhalo/product-image/evdyq2wnrouxnw9yqyn1.webp', 'Laptop ASUS Vivobook 14 X1404ZA-NK386W I3-1215U/8GB/512GB PCIE/14.0 FHD/WIN11/XANH', 11990000, 999, 0, b'1', 2, 2),
	(80, 'MSPTH00080', 'Macbook Air 13 inch 2024 16GB 512GB đảm bảo hiệu suất mạnh mẽ với chip Apple M3 8 nhân mới ra mắt đầu năm 2024, cùng với RAM 16GB và ổ cứng SSD 512GB. Màn hình Liquid Retina 13,6 inch mang lại trải nghiệm hiển thị sắc nét và rực rỡ với màu sắc sống động. Bên cạnh đó, chiếc Macbook Air mang đến camera FaceTime HD 1080p chất lượng cao và hỗ trợ sạc 35W tiện lợi.', 1, '2024-11-29', 'https://res.cloudinary.com/techhalo/image/upload/v1732897382/techhalo/product-image/vaq6wslac9jhmtsmxwl4.webp', 'https://res.cloudinary.com/techhalo/image/upload/v1732897385/techhalo/product-image/pickhexl3ovxfpful6ow.webp', 'https://res.cloudinary.com/techhalo/image/upload/v1732897404/techhalo/product-image/q3nj3m7kvfz0zg3tg0zu.webp', 'https://res.cloudinary.com/techhalo/image/upload/v1732897389/techhalo/product-image/kcmknnfbyi2nunpjlyvq.webp', 'https://res.cloudinary.com/techhalo/image/upload/v1732897409/techhalo/product-image/ok9lewy5stjrvmro5rbf.webp', 'MacBook Air M3 13 inch 2024 16GB - 512GB | Chính hãng Apple Việt Nam', 32990000, 999, 0, b'1', 2, 1),
	(81, 'MSPTH00081', 'Laptop Dell Inspiron 15 3520 6HD73 là dòng máy đa năng với chip xử lý Intel Core i7-1255U 10 nhân 12 luồng, RAM 16GB DDR4 và ổ SSD 512GB PCIe NVMe. Máy tích hợp card Intel X Graphics với màn hình 15.6 inch cùng độ phân giải 1920 x 1080 pixels (Full HD) sống động. Mẫu laptop Dell Inspiron này có thiết kế thanh lịch, nặng 1.66 kg cùng viên pin 3 Cell 41Wh. ', 10, '2024-11-29', 'https://res.cloudinary.com/techhalo/image/upload/v1732897469/techhalo/product-image/tjr9mig899gkxrb0iwto.webp', 'https://res.cloudinary.com/techhalo/image/upload/v1732897473/techhalo/product-image/xlaglbwwr2yqgwdecqvs.webp', 'https://res.cloudinary.com/techhalo/image/upload/v1732897477/techhalo/product-image/dltfypvtgtnwcy1hmocd.webp', 'https://res.cloudinary.com/techhalo/image/upload/v1732897483/techhalo/product-image/hn01li24vpyzhv8kyar4.webp', 'https://res.cloudinary.com/techhalo/image/upload/v1732897487/techhalo/product-image/myfrv9yhtgpyazac9nvm.webp', 'Laptop Dell Inspiron 15 3520 6HD73 I7-1255U/16GB/512GB PCIE/15.6 FHD/WIN11/ĐEN NHẬP', 19990000, 999, 0, b'1', 2, 7),
	(82, 'MSPTH00082', 'Laptop Asus Vivobook 14 X1404ZA-NK389W là một chiếc laptop mỏng nhẹ và mạnh mẽ với RAM 16GB DDR4 và vi xử lý Intel Core i7-1255U, cung cấp đa nhiệm mượt mà. Laptop này được trang bị ổ cứng SSD PCIe 512GB giúp khởi động nhanh và cung cấp không gian lưu trữ đủ cho người dùng. Màn hình 14 inch độ phân giải Full HD mang lại màu sắc sống động và giảm ánh sáng phản chiếu. Máy được tích hợp card Intel Iris Xe Graphics đảm bảo hiệu suất đồ họa tốt cho việc chơi game nhẹ và xử lý đồ họa cơ bản. Sản phẩm laptop Asus Vivobook hỗ trợ Wi-Fi 6E và Bluetooth 5.3 cho kết nối không dây nhanh chóng và đáng tin cậy. ', 12, '2024-11-29', 'https://res.cloudinary.com/techhalo/image/upload/v1732897564/techhalo/product-image/lqdlwu3oxty48zbript4.webp', 'https://res.cloudinary.com/techhalo/image/upload/v1732897568/techhalo/product-image/c1ola604i413fwpqhhbo.webp', 'https://res.cloudinary.com/techhalo/image/upload/v1732897573/techhalo/product-image/thlflievobkicua59i9d.webp', 'https://res.cloudinary.com/techhalo/image/upload/v1732897578/techhalo/product-image/gnu2rvjtf40zz6h3setu.webp', 'https://res.cloudinary.com/techhalo/image/upload/v1732897582/techhalo/product-image/vtksegsanieodelzdbiv.webp', 'Laptop ASUS Vivobook 14 X1404ZA-NK389W I7-1255U/16GB/512GB PCIE/14.0 FHD/WIN11/BẠC', 17990000, 999, 0, b'1', 2, 2),
	(83, 'MSPTH00083', 'Laptop Acer Aspire 3 A315-59-381E được trang bị CPU Intel Core i3-1215U kết hợp với RAM 8 GB và ổ cứng SSD 512 GB, đảm bảo hiệu suất hoạt động mượt mà. Màn hình 15.6 inch Full HD hứa hẹn mang lại trải nghiệm xem hình ảnh sắc nét và chi tiết. Đặc biệt, sản phẩm laptop Acer Aspire có thiết gọn nhẹ, pin có hiệu suất tốt, với đầy đủ cổng kết nối cho chiếc laptop văn phòng. ', 21, '2024-11-29', 'https://res.cloudinary.com/techhalo/image/upload/v1732897635/techhalo/product-image/ahdfcqp5ovv3awq3uqrq.webp', 'https://res.cloudinary.com/techhalo/image/upload/v1732897637/techhalo/product-image/be2styjbuu3olxga5svx.webp', 'https://res.cloudinary.com/techhalo/image/upload/v1732897645/techhalo/product-image/fe7pghpaoz4imuhe7tai.webp', 'https://res.cloudinary.com/techhalo/image/upload/v1732897650/techhalo/product-image/ujkmtjncmwmslvspb94f.webp', 'https://res.cloudinary.com/techhalo/image/upload/v1732897665/techhalo/product-image/rzgjc7ap0979vjcyi42m.webp', 'Laptop Acer Aspire 3 A315-59-381E I3-1215U/8GB/512GB PCIE/15.6 FHD/WIN11/BẠC', 11990000, 999, 0, b'1', 2, 5),
	(84, 'MSPTH00084', 'Laptop MSI Modern 15 B12MO-487VN là một trong những chiếc laptop văn phòng mạnh mẽ và tiện lợi nhất trên thị trường hiện nay. Với thiết kế nhỏ gọn và tinh tế, chiếc laptop MSI Modern này đáp ứng được yêu cầu của những người dùng từ cơ bản cho đến nâng cao.', 28, '2024-11-29', 'https://res.cloudinary.com/techhalo/image/upload/v1732897727/techhalo/product-image/me5415fvx2u9n2vbfnxc.webp', 'https://res.cloudinary.com/techhalo/image/upload/v1732897732/techhalo/product-image/l36jqmtu8pl12szi6on1.webp', 'https://res.cloudinary.com/techhalo/image/upload/v1732897735/techhalo/product-image/kli65kiqvelslkyn8hwm.webp', 'https://res.cloudinary.com/techhalo/image/upload/v1732897740/techhalo/product-image/xvxtd87ryx9owieepxpu.webp', 'https://res.cloudinary.com/techhalo/image/upload/v1732897743/techhalo/product-image/tl4csahw3mm0zynnrh4q.webp', 'Laptop MSI Modern 15 B12MO-487VN I7-1255U/16GB/512GB PCIE/15.6 FHD/WIN11/ĐEN', 19490000, 999, 0, b'1', 2, 18),
	(85, 'MSPTH00085', 'Laptop HP 15S-FQ5231TU 8U241PA sở hữu cấu hình với con chip I3-1215U cùng với bộ nhớ RAM 8GB cùng ổ cứng lưu trữ dung lượng 256GB PCIE giúp hoạt động ổn định. Cùng với đó, mẫu laptop HP này sở hữu hiện đại cùng màn hình hiển thị 15.6 inch rộng rãi.', 25, '2024-11-29', 'https://res.cloudinary.com/techhalo/image/upload/v1732897797/techhalo/product-image/xopfumxnsuqfhdejx6pj.webp', 'https://res.cloudinary.com/techhalo/image/upload/v1732897800/techhalo/product-image/vtiac9qu4bq3ekrja5iv.webp', 'https://res.cloudinary.com/techhalo/image/upload/v1732897804/techhalo/product-image/ccdb1cktyhykwrdrnhti.webp', 'https://res.cloudinary.com/techhalo/image/upload/v1732897807/techhalo/product-image/wlanza0zlxkmisvqfpn2.webp', 'https://res.cloudinary.com/techhalo/image/upload/v1732897816/techhalo/product-image/hdwlwo71h930rmfftant.webp', 'Laptop HP 15S-FQ5231TU 8U241PA I3-1215U/8GB/256GB PCIE/15.6 FHD/WIN11/BẠC', 11990000, 999, 0, b'1', 2, 6),
	(86, 'MSPTH00086', 'Laptop Dell Inspiron 15 3520-5124BLK GJ8W7 sở hữu cấu hình đáp ứng tốt mọi yêu cầu công việc với con chip Core i5 1235U, 8GB RAM và ổ cứng SSD 512GB. Màn hình 15.6 inch FHD của laptop còn tích hợp tần số quét nâng cao 120Hz để nâng cao trải nghiệm giải trí. Với thiết kế mỏng nhẹ cùng tổng thể mạnh mẽ, cứng cáp, mẫu laptop Dell Inspiron sẽ vừa có được sự nổi bật, vừa tinh tế để phù hợp với các môi trường mang tính chuyên nghiệp.', 11, '2024-11-29', 'https://res.cloudinary.com/techhalo/image/upload/v1732898032/techhalo/product-image/v3mvvfnx6drmyp99tav9.webp', 'https://res.cloudinary.com/techhalo/image/upload/v1732898035/techhalo/product-image/llt23mxrksq35hzqfar5.webp', 'https://res.cloudinary.com/techhalo/image/upload/v1732898041/techhalo/product-image/dhfvqzutiguyq7ruruqo.webp', 'https://res.cloudinary.com/techhalo/image/upload/v1732898044/techhalo/product-image/fbcddmxi2dboittfmwcb.webp', 'https://res.cloudinary.com/techhalo/image/upload/v1732898046/techhalo/product-image/awajzo1iabsv8oszkvai.webp', 'Laptop Dell Inspiron 15 3520-5124BLK GJ8W7 - Nhập khẩu chính hãng I5-1235U/8GB/512GB PCIE/15.6 FHD/CẢM ỨNG/WIN11/ĐEN', 15490000, 999, 0, b'1', 2, 7),
	(87, 'MSPTH00087', 'Laptop Asus Vivobook S 15 S5507QA-MA092WS Copilot+ X Plus với vỏ nhôm sang trọng cùng với màn hình 3K chất lượng cũng như chuẩn TÜV Rheinland. Laptop còn sở hữu cấu hình với chip AI Snapdragon® X Plus X1P 42 với xung nhịp tối đa lên đến 3.4GHz. Không chỉ mạnh về cấu hình mà laptop Asus Vivobook này còn sở hữu thiết kế bền bỉ, đạt chuẩn rơi vỡ US MIL-STD 810H.', 11, '2024-11-29', 'https://res.cloudinary.com/techhalo/image/upload/v1732898097/techhalo/product-image/ihtj5othdsqghbga4nsx.webp', 'https://res.cloudinary.com/techhalo/image/upload/v1732898109/techhalo/product-image/vyx79hmk92yghnydzccp.webp', 'https://res.cloudinary.com/techhalo/image/upload/v1732898117/techhalo/product-image/kafk0yfyecpgis0ao9qc.webp', 'https://res.cloudinary.com/techhalo/image/upload/v1732898120/techhalo/product-image/ufwjrqnmxcfzutm8ih0x.webp', 'https://res.cloudinary.com/techhalo/image/upload/v1732898123/techhalo/product-image/m6s1idtp81m8iaqrndmu.webp', 'Laptop ASUS Vivobook S 15 S5507QA-MA092WS Copilot+ X Plus X1P/16GB LPDDR5X/512GB PCIe/15.6 3K OLED/WIN11', 26990000, 999, 0, b'1', 2, 2),
	(88, 'MSPTH00088', 'Laptop Asus Vivobook 15 X1504ZA-NJ1039W được ưu ái trang bị bộ vi xử lý Intel Core i7-1255U với 10 nhân, mang đến khả năng xử lý siêu mượt mà. Kết hợp với đó là thông số RAM 16GB và ổ cứng SSD 512GB, cho phép đa nhiệm linh hoạt và không gian lưu trữ lớn. Đặc biệt, Asus Vivobook 15 X1504ZA-NJ1039W còn sở hữu màn hình Full HD 15.6 inch, giúp hình ảnh sắc nét cùng chứng nhận bảo vệ mắt TÜV Rheinland, đảm bảo sử dụng lâu dài mà không gây mỏi mắt.', 12, '2024-11-29', 'https://res.cloudinary.com/techhalo/image/upload/v1732898175/techhalo/product-image/dywrtnsxtzxusqjepm3d.webp', 'https://res.cloudinary.com/techhalo/image/upload/v1732898180/techhalo/product-image/bg95f3kan00owhp6by1k.webp', 'https://res.cloudinary.com/techhalo/image/upload/v1732898199/techhalo/product-image/onzq1efleioh7b3gpzdy.webp', 'https://res.cloudinary.com/techhalo/image/upload/v1732898185/techhalo/product-image/p1xtfn4yipj9vb0qlldd.webp', 'https://res.cloudinary.com/techhalo/image/upload/v1732898202/techhalo/product-image/fdumzk0gcflufwasc3pq.webp', 'Laptop ASUS Vivobook 15 X1504ZA-NJ1039W I7-1255U/16GB/512GB PCIE/15.6 FHD/WIN11/BẠC', 17990000, 999, 0, b'1', 2, 2),
	(89, 'MSPTH00089', 'Laptop Asus Vivobook 14 OLED A1405ZA-KM264W sở hữu màn hình OLED 2.8K rực rỡ với gam màu DCI-P3 chuẩn điện ảnh, mang lại trải nghiệm thị giác tuyệt vời. Được trang bị bộ vi xử lý Intel Core i5-12500H, VGA Intel Iris Xe đi kèm 16GB RAM và ổ SSD 512GB, chiếc laptop này dễ dàng xử lý mọi tác vụ từ văn phòng đến đồ họa. Thiết kế tiện lợi với bản lề 180°, nắp che webcam vật lý, và cảm biến vân tay trên touchpad, cùng công nghệ kháng khuẩn ASUS Antimicrobial Guard Plus, đảm bảo an toàn và thoải mái cho người dùng. ', 14, '2024-11-29', 'https://res.cloudinary.com/techhalo/image/upload/v1732898256/techhalo/product-image/mrxnixsdquf818uhsrmh.webp', 'https://res.cloudinary.com/techhalo/image/upload/v1732898261/techhalo/product-image/u7akql8zrd9mc5rrnxde.webp', 'https://res.cloudinary.com/techhalo/image/upload/v1732898270/techhalo/product-image/xsaq1ktyg6rujjpsxwuo.webp', 'https://res.cloudinary.com/techhalo/image/upload/v1732898273/techhalo/product-image/tlt54uintlgjghgqdlya.webp', 'https://res.cloudinary.com/techhalo/image/upload/v1732898278/techhalo/product-image/jqpy2vc5dazjjxae9max.webp', 'Laptop ASUS Vivobook 14 OLED A1405ZA-KM264W I5-12500H/16GB/512GB PCEI/14.0 2.8K OLED/WIN11/BẠC', 17990000, 999, 0, b'1', 2, 2),
	(90, 'MSPTH00090', 'Laptop ASUS Vivobook 15 X1504ZA-NJ582W sở hữu thiết kế kim loại sang trọng với trọng lượng chỉ 1.7kg đi kèm màn hình IPS 15.6-inch FHD sắc nét. Công nghệ CPU Intel thế hệ 12, RAM DDR4 và ổ SSD M.2 PCIe Gen3 trên thiết bị đảm bảo hiệu suất mạnh mẽ. Ngoài ra, sản phẩm laptop Asus Vivobook còn có sẵn 3 loại cổng kết nối USB thuận tiện để kết nối các thiết bị lưu trữ khác nhau.', 23, '2024-11-29', 'https://res.cloudinary.com/techhalo/image/upload/v1732898354/techhalo/product-image/nksr7magpjdrehelqib0.webp', 'https://res.cloudinary.com/techhalo/image/upload/v1732898357/techhalo/product-image/q206qlymfkt3u7m1qgpd.webp', 'https://res.cloudinary.com/techhalo/image/upload/v1732898367/techhalo/product-image/przmkkezsi5srve1oafo.webp', 'https://res.cloudinary.com/techhalo/image/upload/v1732898370/techhalo/product-image/n5sk1ctr45inxthieiap.webp', 'https://res.cloudinary.com/techhalo/image/upload/v1732898380/techhalo/product-image/xynmc2m7f21hcydwixrx.webp', 'Laptop ASUS Vivobook 15 X1504ZA-NJ582W I3-1215U/8GB/512GB PCIE/15.6 FHD/WIN11/BẠC', 12990000, 999, 0, b'1', 2, 2),
	(91, 'MSPTH00091', 'Laptop Asus Vivobook 14 OLED A1405VA-KM095W có sự nổi bật nhất là màn hình OLED, chuẩn điện ảnh, đem lại trải nghiệm về thị giác cực kỳ tốt. Bên cạnh đó, chiếc laptop Asus Vivobook này thiết kế theo dạng bản lề xoay 180 độ, để điều chỉnh phù hợp với tầm nhìn của người dùng. ', 17, '2024-11-29', 'https://res.cloudinary.com/techhalo/image/upload/v1732898444/techhalo/product-image/bpqr3w37mwkksgnzqsma.webp', 'https://res.cloudinary.com/techhalo/image/upload/v1732898447/techhalo/product-image/yhmpaenqv9kik9j3x50p.webp', 'https://res.cloudinary.com/techhalo/image/upload/v1732898450/techhalo/product-image/zedsysbpgj9rfzqxaqew.webp', 'https://res.cloudinary.com/techhalo/image/upload/v1732898454/techhalo/product-image/afh8qrdvlls175cfcftq.webp', 'https://res.cloudinary.com/techhalo/image/upload/v1732898457/techhalo/product-image/ukq8da4nrpu98u5xlolb.webp', 'Laptop ASUS VivoBook 14 OLED A1405VA-KM095W I5-13500H/16GB/512GB PCIE/14.0 2.8K OLED/WIN11/BẠC', 20990000, 999, 0, b'1', 2, 2),
	(92, 'MSPTH00092', 'Macbook Air M2 2022 16GB 512GB sạc 70W trang bị chip Apple M2 với 8 nhân CPU, 10 nhân GPU, 16 nhân Neural Engine cùng RAM 16GB và ổ cứng SSD 512GB. Máy sử dụng màn hình Liquid Retina 13.6 inch, độ sắc nét 2560x1664 pixels cùng độ sáng lên đến 500nits. Máy có pin 52.6 Whr hỗ trợ sạc nhanh 70W, kiểu dáng mỏng nhẹ với khối lượng chỉ 1.27 kg.', 1, '2024-11-29', 'https://res.cloudinary.com/techhalo/image/upload/v1732898502/techhalo/product-image/ncale5utocz0efobgdxz.webp', 'https://res.cloudinary.com/techhalo/image/upload/v1732898507/techhalo/product-image/kowez2wa1k970oivdepi.webp', 'https://res.cloudinary.com/techhalo/image/upload/v1732898526/techhalo/product-image/cykjv2tsfbuywq6qaqxi.webp', 'https://res.cloudinary.com/techhalo/image/upload/v1732898530/techhalo/product-image/qumhclkugt2hjwdnz7vs.webp', 'https://res.cloudinary.com/techhalo/image/upload/v1732898533/techhalo/product-image/ygugzrmrxop1q6njrkq7.webp', 'Apple MacBook Air M2 2024 8CPU 10GPU 16GB 512GB Sạc 70W I Chính hãng Apple Việt Nam', 29990000, 999, 0, b'1', 2, 1),
	(93, 'MSPTH00093', 'Laptop Acer Aspire 5 Spin 14 A5SP14-51MTN-78JH được trang bị con chip Intel Core i7-1355U, RAM 16GB cùng với đó là ổ cứng SSD NVMe 512GB chất lượng. Bên cạnh đó là màn hình IPS với kích thước, 14 inchFHD+ mang tới khả năng hiển thị ấn tượng. Bút cảm ứng cùng cổng kết nối đa dạng cho phép người dùng sử dụng Acer Aspire dễ dàng sử dụng và kết nối theo cách riêng của chính mình.', 15, '2024-11-29', 'https://res.cloudinary.com/techhalo/image/upload/v1732898615/techhalo/product-image/p9d1rwdvduuy4alwevxs.webp', 'https://res.cloudinary.com/techhalo/image/upload/v1732898619/techhalo/product-image/w8y28codcfsxlcxa686o.webp', 'https://res.cloudinary.com/techhalo/image/upload/v1732898623/techhalo/product-image/hzewa1asusyjuxg9xv7n.webp', 'https://res.cloudinary.com/techhalo/image/upload/v1732898626/techhalo/product-image/lct1iweklaehe9dileht.webp', 'https://res.cloudinary.com/techhalo/image/upload/v1732898629/techhalo/product-image/lfiwiphz6hu82sohvxew.webp', 'Laptop Acer Aspire 5 Spin 14 A5SP14-51MTN-78JH I7-1355U/16GB/512GB/14inch', 19990000, 999, 0, b'1', 2, 5),
	(94, 'MSPTH00094', 'Laptop MSI Modern 15 B7M-238VN được đánh giá cao bởi sự mạnh mẽ, ổn định nhằm đáp ứng nhu cầu công việc và giải trí. Với cấu hình ấn tượng và thiết kế hiện đại, chiếc laptop MSI Modern này sẽ khiến bạn hài lòng khi sử dụng trong thời gian dài.', 24, '2024-11-29', 'https://res.cloudinary.com/techhalo/image/upload/v1732904146/techhalo/product-image/hpqycgyhxutfx6sg7pqn.webp', 'https://res.cloudinary.com/techhalo/image/upload/v1732904154/techhalo/product-image/avr2oyhjib5rfcxlnyj4.webp', 'https://res.cloudinary.com/techhalo/image/upload/v1732904157/techhalo/product-image/tm0zkpdmpeueksehxsrl.webp', 'https://res.cloudinary.com/techhalo/image/upload/v1732904161/techhalo/product-image/jgiznr59d7ilgsdw8ga9.webp', 'https://res.cloudinary.com/techhalo/image/upload/v1732904165/techhalo/product-image/qwqacpebujjoiapnqrbx.webp', 'Laptop MSI Modern 15 B7M-238VN R7-7730U/16GB/512GB PCIE/15.6 FHD/WIN11/ĐEN', 16990000, 999, 0, b'1', 2, 18),
	(95, 'MSPTH00095', 'Laptop Lenovo ThinkPad E14 Gen 5 21JK00H5VN trang bị bộ vi xử lý Intel Core i5-13420H với 8 nhân, 12 luồng, xung nhịp tối đa 4.6GHz và RAM 16GB DDR4-3200. Máy trang bị SSD 512GB có thể mở rộng thông qua hai khe cắm M.2 và viên pin 47Wh. Laptop sử dụng màn hình IPS 14 inch WUXGA, độ sáng 300 nits và sở hữu nhiều cổng kết nối hiện đại.', 13, '2024-11-29', 'https://res.cloudinary.com/techhalo/image/upload/v1732904259/techhalo/product-image/cxuhgz9ci5qywawxnz96.webp', 'https://res.cloudinary.com/techhalo/image/upload/v1732904262/techhalo/product-image/i9z74umcyvoxd5nuiggb.webp', 'https://res.cloudinary.com/techhalo/image/upload/v1732904266/techhalo/product-image/hbv08vs2rwgszozfkm8x.webp', 'https://res.cloudinary.com/techhalo/image/upload/v1732904271/techhalo/product-image/ruk8tla1m5jk9sppyms0.webp', 'https://res.cloudinary.com/techhalo/image/upload/v1732904275/techhalo/product-image/znu8w7ys3zsokepi2vcc.webp', 'Laptop Lenovo ThinkPad E14 GEN 5 21JK00H5VN i5-13420H/16GB/512GB PCIE/14.0 WUXGA/WIN11/ĐEN', 22990000, 999, 0, b'1', 2, 3),
	(96, 'MSPTH00096', 'Laptop Dell Vostro 3520 F0V0VI3 sử dụng bị bộ vi xử lý Intel Core i3 - 1215U kết hợp với RAM dung lượng 8GB cho khả năng xử lý công việc hàng ngày hiệu quả. Máy được trang bị ổ cứng SSD PCIe tốc độ cao với dung lượng 512GB giúp bạn truy cập và tải thông tin nhanh chóng. Màn hình full HD kích thước 15.6 inch mang đến những khung hình mượt mà và sắc nét. Máy có các cổng giao tiếp thông dụng để bạn dễ dàng chia sẻ dữ liệu. ', 19, '2024-11-29', 'https://res.cloudinary.com/techhalo/image/upload/v1732904365/techhalo/product-image/vq8paygddnmdeogaflog.webp', 'https://res.cloudinary.com/techhalo/image/upload/v1732904482/techhalo/product-image/a1vhzca8y3mjthczjfrq.webp', 'https://res.cloudinary.com/techhalo/image/upload/v1732904680/techhalo/product-image/uxgl6kai095babp2ryc9.webp', 'https://res.cloudinary.com/techhalo/image/upload/v1732904682/techhalo/product-image/cx7xbmioxgstiewgm2ye.webp', 'https://res.cloudinary.com/techhalo/image/upload/v1732904685/techhalo/product-image/a15yazoqad43bxpjmhcf.webp', 'Laptop Dell Vostro 3520 F0V0VI3 - Nhập khẩu chính hãng I3-1215U/8GB/512GB PCIE/15.6 FHD/FREE OS/ĐEN NHẬP', 11990000, 999, 0, b'1', 2, 7),
	(97, 'MSPTH00097', 'Laptop Lenovo Ideapad 1 14ALC7 82R30078VN sở hữu bộ vi xử lý AMD Ryzen 5 5500U mạnh mẽ, RAM 16GB, mang lại hiệu năng vượt trội cho công việc và giải trí. Với ổ cứng SSD 512GB, máy có thể truy xuất và lưu trữ thông tin trong bộ nhớ với tốc độ nhanh chóng. Đồng thời, trọng lượng của Lenovo Ideapad 1 14ALC7 chỉ khoảng 1.38kg, mỏng nhẹ nhưng vẫn đáp ứng tốt các nhu cầu hàng ngày của người dùng.', 8, '2024-11-29', 'https://res.cloudinary.com/techhalo/image/upload/v1732906189/techhalo/product-image/zobkul5prnq41m7ottke.webp', 'https://res.cloudinary.com/techhalo/image/upload/v1732906204/techhalo/product-image/klpbimrrhhfalmhkazdp.webp', 'https://res.cloudinary.com/techhalo/image/upload/v1732906208/techhalo/product-image/zbnbsizyx9lfd1i1wrri.webp', 'https://res.cloudinary.com/techhalo/image/upload/v1732906216/techhalo/product-image/zvm14rh7ow6ggj4g1e5l.webp', 'https://res.cloudinary.com/techhalo/image/upload/v1732906219/techhalo/product-image/xbjkkvpdcb1jwbqph9a1.webp', 'Laptop Lenovo IdeaPad 1 14ALC7 82R30078VN R5-5500U/16GB/512GB PCIE/14.0 FHD/WIN11/XÁM', 11990000, 999, 0, b'1', 2, 3),
	(98, 'MSPTH00098', 'Laptop Asus Vivobook S 14 OLED S5406MA-PP046WS trang bị dung lượng RAM 16GB LPDDR5X đem đến hiệu suất tối ưu cho các tác vụ đa nhiệm. Với trọng lượng nhẹ chỉ 1.30 kg và kích thước gọn gàng dễ dàng di chuyển mà không lo cồng kềnh. Đồ họa Intel® Arc™ Graphics mang lại sự ổn định khi chiến game.', 11, '2024-11-29', 'https://res.cloudinary.com/techhalo/image/upload/v1732906335/techhalo/product-image/uluiztqr3ekjgbz7vbzk.webp', 'https://res.cloudinary.com/techhalo/image/upload/v1732906338/techhalo/product-image/frux9nkiu28njymkoshd.webp', 'https://res.cloudinary.com/techhalo/image/upload/v1732906356/techhalo/product-image/xgibledcfhlaepkjtoxj.webp', 'https://res.cloudinary.com/techhalo/image/upload/v1732906361/techhalo/product-image/cgsi7vvcrvhczeavwys8.webp', 'https://res.cloudinary.com/techhalo/image/upload/v1732906365/techhalo/product-image/af0d9eugeygkwozvlxjq.webp', 'Laptop ASUS Vivobook S 14 OLED S5406MA-PP046WS U5-125H/16GB/512GB PCIE/14.0 3K OLED/WIN11', 26990000, 999, 0, b'1', 2, 2),
	(99, 'MSPTH00099', 'Laptop Asus Vivobook 14 OLED A1405VA KM257W toả sáng với màn hình 14 inch rộng lớn, hiển thị với tấm nền OLED cao cấp có độ phân giải 2.8K dẫn đầu trong phân khúc. Laptop văn phòng Asus Vivobook 14 OLED A1405VA KM257W sở hữu loạt tiện ích thân thiện với người dùng cùng viên pin dung lượng lớn.', 19, '2024-11-29', 'https://res.cloudinary.com/techhalo/image/upload/v1732906782/techhalo/product-image/bcucfstnatjyddifbbl0.webp', 'https://res.cloudinary.com/techhalo/image/upload/v1732906791/techhalo/product-image/vgtps4miqabwigg22s8p.webp', 'https://res.cloudinary.com/techhalo/image/upload/v1732906795/techhalo/product-image/gzukgg0q94h114bsec77.webp', 'https://res.cloudinary.com/techhalo/image/upload/v1732906801/techhalo/product-image/gwqknjjnvirkqv8o4pzn.webp', 'https://res.cloudinary.com/techhalo/image/upload/v1732906804/techhalo/product-image/t6gw8na4y2xtadm1vueq.webp', 'Laptop ASUS Vivobook 14 OLED A1405VA-KM257W I5-13500H/16GB/512GB PCIE/14.0 2.8K OLED/WIN11/ĐEN', 20990000, 999, 0, b'1', 2, 2),
	(100, 'MSPTH00100', 'Laptop Lenovo Ideapad Flex 5 14IAU7 82R700JQVN là sản phẩm hướng tới phân khúc người dùng phổ thông với cấu hình ở mức ổn định. Tuy vậy laptop Lenovo Ideapad vẫn có thiết kế hiện đại và màn hình cảm ứng đa điểm giúp bạn thuận tiện hơn trong nhiều tác vụ sử dụng hằng ngày.', 28, '2024-11-29', 'https://res.cloudinary.com/techhalo/image/upload/v1732907136/techhalo/product-image/irqgjdiswg6fye28plg4.webp', 'https://res.cloudinary.com/techhalo/image/upload/v1732907237/techhalo/product-image/uweo6fyhy5mshi1ibh4m.webp', 'https://res.cloudinary.com/techhalo/image/upload/v1732907241/techhalo/product-image/jkylffkreocoyuxt9oos.webp', 'https://res.cloudinary.com/techhalo/image/upload/v1732907245/techhalo/product-image/uipav0rvini8ikwlmzk3.webp', 'https://res.cloudinary.com/techhalo/image/upload/v1732907177/techhalo/product-image/hfuhzhkuf2u5myfpxmhg.webp', 'Laptop Lenovo IdeaPad Flex 5 14IAU7 82R700JQVN I3-1215U/8GB/512GB PCIE/14inch', 15990000, 999, 0, b'1', 2, 3),
	(101, 'MSPTH00101', 'Laptop MSI Modern 14 C7M 221VN sở hữu dung lượng RAM lên đến 8GB cùng ổ cứng chuẩn SSD dung lượng 512GB. Với con chip AMD R7-7730U MSI Modern 14 C7M 221VN có thể phát huy hết khả năng trên màn hình 14 inch full HD mà vẫn đảm bảo tiết kiệm pin. Ngoài ra laptop MSI Modern cũng được đi kèm viên pin 39.3 Wh cho thời gian sử dụng dài.', 11, '2024-11-29', 'https://res.cloudinary.com/techhalo/image/upload/v1732908594/techhalo/product-image/yidklzlf2yx4scqt2up0.webp', 'https://res.cloudinary.com/techhalo/image/upload/v1732908598/techhalo/product-image/lqih0i3gnhujemscc3ug.webp', 'https://res.cloudinary.com/techhalo/image/upload/v1732908602/techhalo/product-image/p2cxmgzd1ulqvpao7203.webp', 'https://res.cloudinary.com/techhalo/image/upload/v1732908739/techhalo/product-image/ulvbvi09w4b8dprio8lg.webp', 'https://res.cloudinary.com/techhalo/image/upload/v1732908615/techhalo/product-image/ddhfuuecnwn4blwjholp.webp', 'Laptop MSI Modern 14 C7M-221VN R7-7730U/8GB/512GB PCIE/14.0 FHD/WIN11/ĐEN', 11790000, 999, 0, b'1', 2, 18),
	(102, 'MSPTH00102', 'Laptop Lenovo Ideapad Slim 5 15IRU9 83D00003VN sở hữu bộ xử lý thế hệ mới Intel Core 5 120U 10 lõi, 12 luồng và card Integrated Intel Graphics tân tiến. Sản phẩm sử dụng RAM LPDDR5x 5200 32GB cùng bộ nhớ 512GB chuẩn SSD PCIe tốc độ cao. Màn hình laptop Lenovo Ideapad WUXGA 15.3 inch 100% sRGB ứng dụng công nghệ Anti-Glare hiển thị sắc nét. Kết nối và chia sẻ hình ảnh nhanh chóng, thuận tiện với hệ thống đầy đủ các đầu giao tiếp phổ biến. ', 16, '2024-11-29', 'https://res.cloudinary.com/techhalo/image/upload/v1732908818/techhalo/product-image/fs6nsbfcp63xa6bsl0gs.webp', 'https://res.cloudinary.com/techhalo/image/upload/v1732908825/techhalo/product-image/mrexdzlvm2imne7yy4tv.webp', 'https://res.cloudinary.com/techhalo/image/upload/v1732908831/techhalo/product-image/ng0icjzhxdzvmzclyglb.webp', 'https://res.cloudinary.com/techhalo/image/upload/v1732908836/techhalo/product-image/vapbiadcdvg4mgkas4v9.webp', 'https://res.cloudinary.com/techhalo/image/upload/v1732908840/techhalo/product-image/inxix0tcdvmjfqkizulx.webp', 'Laptop Lenovo IdeaPad Slim 5 15IRU9 83D00003VN CORE 5-120U/32GB/512GB PCIE/15.3 WUXGA/WIN11/XÁM', 22690000, 999, 0, b'1', 2, 3),
	(103, 'MSPTH00103', 'Laptop Dell Vostro 3520 F0V0V256 là một máy tính xách tay mạnh mẽ và đa năng với bộ vi xử lý Intel Core i5-1235U và RAM 8GB giúp xử lý tác vụ mượt mà và chạy nhiều ứng dụng cùng lúc. Ổ cứng SSD PCIe 256GB tăng tốc độ truy cập dữ liệu và khởi động nhanh chóng. Máy được trang bị màn hình Full HD 15.6 inch mang đến hình ảnh rõ nét và màu sắc trung thực. Card đồ họa Intel Iris Xe Graphics cung cấp hiệu suất đồ họa tốt.', 14, '2024-11-29', 'https://res.cloudinary.com/techhalo/image/upload/v1732908927/techhalo/product-image/kmhc2sjknacotzthu0ko.webp', 'https://res.cloudinary.com/techhalo/image/upload/v1732908946/techhalo/product-image/zogyedwm574cyga7l7rc.webp', 'https://res.cloudinary.com/techhalo/image/upload/v1732908951/techhalo/product-image/sgbjg0mmnijgsxw877fv.webp', 'https://res.cloudinary.com/techhalo/image/upload/v1732908972/techhalo/product-image/fzprk7j9qlvhu7kzmi0j.webp', 'https://res.cloudinary.com/techhalo/image/upload/v1732908976/techhalo/product-image/tqtqclwvzw5ypbadlkzs.webp', 'Laptop Dell Vostro 3520 F0V0V256 - Nhập khẩu chính hãng I5-1235U/8GB/256GB PCIE/15.6 FHD/FREE OS/ĐEN', 13990000, 999, 0, b'1', 2, 7),
	(104, 'MSPTH00104', 'Laptop Asus Zenbook 14 OLED UX3405MA PP152W có kích thước nhỏ gọn 14 inch, độ phân giải 3K cùng màn hình OLED Lumia cho chất lượng hiển thị chi tiết. Bên cạnh đó, sản phẩm laptop Asus Zenbook còn trang bị chipset Intel Core Ultra 7 125H, GPU Intel Arc Graphics cùng bộ nhớ RAM 32GB và SSD 1TB, mang đến hiệu năng ưu việt với các tác vụ đồ họa nặng cùng không gian lưu trữ rộng lớn. ', 10, '2024-11-29', 'https://res.cloudinary.com/techhalo/image/upload/v1732909059/techhalo/product-image/aogistzxdfojzzqnc4hj.webp', 'https://res.cloudinary.com/techhalo/image/upload/v1732909187/techhalo/product-image/bprkqdfvlyivnuhdgxih.webp', 'https://res.cloudinary.com/techhalo/image/upload/v1732909249/techhalo/product-image/z4kgq4rflmcnhspa1q5r.webp', 'https://res.cloudinary.com/techhalo/image/upload/v1732909252/techhalo/product-image/ilm77djkuyendmrubqnp.webp', 'https://res.cloudinary.com/techhalo/image/upload/v1732909270/techhalo/product-image/wavw9dyocbmf8hksjkxq.webp', 'Laptop ASUS Zenbook 14 OLED UX3405MA-PP152W U7-155H/32GB/1TB PCIE/14.0 3K OLED/WIN11/XANH/TÚI', 34990000, 999, 0, b'1', 2, 2),
	(105, 'MSPTH00105', 'Laptop ASUS ExpertBook B1402CBA-NK2669W mạnh mẽ nhờ được trang bị bộ vi xử lý Intel Core i5-1235U, RAM 16GB kết hợp cùng ổ cứng SSD 512GB PCIe. Màn hình 14.0 inch Full HD mang tới chất lượng hình ảnh sắc nét vượt trội. Hệ điều hành Windows 11 và thiết kế mỏng nhẹ cùng tone màu sang trọng mang tới lựa chọn tuyệt vời cho người dùng.', 35, '2024-11-29', 'https://res.cloudinary.com/techhalo/image/upload/v1732909409/techhalo/product-image/z9ccamoiwdwcnde8dent.webp', 'https://res.cloudinary.com/techhalo/image/upload/v1732909419/techhalo/product-image/jgj5gbhxysr7t4ou8ntn.webp', 'https://res.cloudinary.com/techhalo/image/upload/v1732909423/techhalo/product-image/q5hm0r2yvrctf5jcdxfx.webp', 'https://res.cloudinary.com/techhalo/image/upload/v1732909426/techhalo/product-image/ojztig51i2ufupf3ueeo.webp', 'https://res.cloudinary.com/techhalo/image/upload/v1732909430/techhalo/product-image/vcwrk8pqp8dwesfcvwle.webp', 'Laptop ASUS Expertbook B1402CBA-NK2669W I5-1235U/16GB/512GB PCIE/14.0 FHD/WIN11/ĐEN', 19990000, 999, 0, b'1', 2, 2),
	(106, 'MSPTH00106', 'Bàn phím cơ không dây AULA F75 Reaper Switch là một sản phẩm với độ bền lên đến 60 triệu lần bấm và kết nối qua dây Type-C, không dây 2.4G hoặc Bluetooth. Đèn nền LED RGB 16,8 triệu màu với 16 loại hiệu ứng tạo ra không gian chơi game đẹp mắt.', 33, '2024-11-30', 'https://res.cloudinary.com/techhalo/image/upload/v1732944877/techhalo/product-image/wjqebpkv6yf8gofvlelo.webp', 'https://res.cloudinary.com/techhalo/image/upload/v1732944894/techhalo/product-image/drpfzbyy9rarayuwixy2.webp', 'https://res.cloudinary.com/techhalo/image/upload/v1732944899/techhalo/product-image/e2rendeoqqvzoqijkpvl.webp', 'https://res.cloudinary.com/techhalo/image/upload/v1732944950/techhalo/product-image/fmb28yloppqkpvhu1fp2.webp', 'https://res.cloudinary.com/techhalo/image/upload/v1732944958/techhalo/product-image/ljt2fcehtc9cwlv3cxuo.webp', 'Bàn phím cơ không dây AULA F75 Ice Green', 1790000, 999, 0, b'1', 4, 19),
	(107, 'MSPTH00107', 'Bàn phím cơ E-Dra EK375 Alpha Brown Switch cung cấp hiệu ứng ánh sáng đẹp mắt với hệ thống LED Rainbow, cùng khả năng tương thích với nhiều hệ điều hành. Bên cạnh đó, dòng bàn phím E-Dra này còn nổi bật với thiết kế gasket độc đáo và foam case silicon tối ưu hóa độ êm khi gõ.', 43, '2024-11-30', 'https://res.cloudinary.com/techhalo/image/upload/v1732945377/techhalo/product-image/rgl6xrnxqjgnjp28wyru.webp', 'https://res.cloudinary.com/techhalo/image/upload/v1732945383/techhalo/product-image/ytzi3s8da3zms3hoabej.webp', 'https://res.cloudinary.com/techhalo/image/upload/v1732945389/techhalo/product-image/zyoxqlb2t9ytvins2zny.webp', 'https://res.cloudinary.com/techhalo/image/upload/v1732945397/techhalo/product-image/cuqaubzlpak6jd64k8lo.webp', 'https://res.cloudinary.com/techhalo/image/upload/v1732945402/techhalo/product-image/snpptkutngvuphxj5lin.webp', 'Bàn phím cơ E-DRA EK375 Alpha Đen Đỏ Brown Switch', 729000, 999, 0, b'1', 4, 20),
	(108, 'MSPTH00108', 'Bàn phím cơ không dây Aula F75 Đen có 80 phím với chất liệu keycap nhựa PBT, dùng loại switch Grey Wood V3 Switch cho độ bền tới 60 triệu lần bấm. Mẫu bàn phím Aula này có đèn nền LED RGB 16.8 triệu màu.', 33, '2024-11-30', 'https://res.cloudinary.com/techhalo/image/upload/v1732945536/techhalo/product-image/hrwgze953l4gu8kg1c5b.webp', 'https://res.cloudinary.com/techhalo/image/upload/v1732945703/techhalo/product-image/dkdh0ev2ynfv2gsfjsyb.webp', 'https://res.cloudinary.com/techhalo/image/upload/v1732945710/techhalo/product-image/pkttlblhw6gpapnq2b96.webp', 'https://res.cloudinary.com/techhalo/image/upload/v1732945715/techhalo/product-image/hlxzew69ct3qfjdg02xx.webp', 'https://res.cloudinary.com/techhalo/image/upload/v1732945721/techhalo/product-image/vtrdrcvc6oxth14tawvt.webp', 'Bàn phím cơ không dây AULA F75 đen', 1790000, 999, 0, b'1', 4, 19),
	(109, 'MSPTH00109', 'Bàn phím Bluetooth Logitech Pebble K380S sẽ là một sự lựa chọn hoàn hảo dành cho những ai yêu thích các mẫu bàn phím Logitech nhỏ gọn, đơn giản nhưng vẫn bắt mắt. Ngoài thiết kế, Pebble K380S còn sở hữu nhiều tính năng cùng thời lượng pin đến 36 tháng cực chất.', 41, '2024-11-30', 'https://res.cloudinary.com/techhalo/image/upload/v1732946845/techhalo/product-image/rcwole7tpagzfqqail22.webp', 'https://res.cloudinary.com/techhalo/image/upload/v1732946851/techhalo/product-image/i1nbt0rhk2yu2bsiuzzi.webp', 'https://res.cloudinary.com/techhalo/image/upload/v1732946856/techhalo/product-image/mf1npckjqja0sulpbn2w.webp', 'https://res.cloudinary.com/techhalo/image/upload/v1732946864/techhalo/product-image/usj8agapazinrdlgfejt.webp', 'https://res.cloudinary.com/techhalo/image/upload/v1732946869/techhalo/product-image/oib9d4zcspvnc7jgtrq2.webp', 'Bàn phím Bluetooth Logitech Pebble Key 2 K380S', 1129000, 999, 0, b'1', 4, 13),
	(110, 'MSPTH00110', 'Bàn phím cơ DareU EK75 Firefly Switch được ứng dụng cấu trúc Gasket giúp hạn chế tiếng ồn từ khoang phím, mang đến trải nghiệm gõ phím nhẹ nhàng hơn. Sản phẩm được trang bị bộ Switch độc quyền từ DareU.', 19, '2024-11-30', 'https://res.cloudinary.com/techhalo/image/upload/v1732947055/techhalo/product-image/sdsesrqrfwdtbt9i1js9.webp', 'https://res.cloudinary.com/techhalo/image/upload/v1732947060/techhalo/product-image/npqzpnsniwvcekdl7zqk.webp', 'https://res.cloudinary.com/techhalo/image/upload/v1732947064/techhalo/product-image/rtf036tnw5m8d1sx52qc.webp', 'https://res.cloudinary.com/techhalo/image/upload/v1732947071/techhalo/product-image/rzzryx1t7gtivrpduuvg.webp', 'https://res.cloudinary.com/techhalo/image/upload/v1732947082/techhalo/product-image/oxr9odumjs02kbt14xie.webp', 'Bàn phím cơ Dareu EK75 trắng', 699000, 999, 0, b'1', 4, 15),
	(111, 'MSPTH00111', 'Bàn phím cơ không dây E-dra EK361W Snow Yellow Switch trang bị công nghệ kết nối Bluetooth 5.0 với khả năng chuyển đổi linh hoạt 3 thiết bị cùng lúc. Hệ thống LED RGB tích hợp trên bàn phím E-dra.', 23, '2024-11-30', 'https://res.cloudinary.com/techhalo/image/upload/v1732947216/techhalo/product-image/shkqzkjcwkq7skswd8te.webp', 'https://res.cloudinary.com/techhalo/image/upload/v1732947222/techhalo/product-image/minxzcsfyaqdx6pb07ot.webp', 'https://res.cloudinary.com/techhalo/image/upload/v1732947227/techhalo/product-image/jb4ctmgkqz5uj5wvdb1o.webp', 'https://res.cloudinary.com/techhalo/image/upload/v1732947236/techhalo/product-image/aay37bmtk6a6xqtnhost.webp', 'https://res.cloudinary.com/techhalo/image/upload/v1732947230/techhalo/product-image/ysjgoqgyqoquj7j7mfgm.webp', 'Bàn phím cơ không dây E-Dra EK361W Snow Yellow Switch', 899000, 999, 0, b'1', 4, 20),
	(112, 'MSPTH00112', 'Sản phẩm bàn phím Apple Magic Keyboard 2021 MK2A3 đến từ thương hiệu chính hãng Apple, sở hữu thiết kế hiện đại, nhỏ gọn nhưng vẫn được cung cấp đầy đủ các phím chức năng phổ biến.', 48, '2024-11-30', 'https://res.cloudinary.com/techhalo/image/upload/v1732947363/techhalo/product-image/zecumy2ur1maqtkbkgbd.webp', 'https://res.cloudinary.com/techhalo/image/upload/v1732947374/techhalo/product-image/sakgdqmqshckxqyjpiss.webp', 'https://res.cloudinary.com/techhalo/image/upload/v1732947380/techhalo/product-image/eogps2ftkw9zmddqsqnn.webp', 'https://res.cloudinary.com/techhalo/image/upload/v1732947394/techhalo/product-image/wig7fdzuxkkmdgskvl2l.webp', 'https://res.cloudinary.com/techhalo/image/upload/v1732947405/techhalo/product-image/yx0hgpgkmzduncv28tkw.webp', 'Bàn phím Apple Magic Keyboard 2021 MK2A3', 3990000, 999, 0, b'1', 4, 14),
	(113, 'MSPTH00113', 'Logitech là nhà sản xuất hàng đầu các sản phẩm ngoại vi như chuột, máy tính,... Các sản phẩm của hãng đều được ưa chuộng bởi thiết kế thông minh, nhiều tính năng cũng như độ bền cao. Và sản phẩm bàn phím có dây LOGITECH K120 cũng không phải là ngoại lệ.', 13, '2024-11-30', 'https://res.cloudinary.com/techhalo/image/upload/v1732947545/techhalo/product-image/gu3na0ygim3ouglxnbgx.webp', 'https://res.cloudinary.com/techhalo/image/upload/v1732947549/techhalo/product-image/woojh1x38nkvryrruml3.webp', 'https://res.cloudinary.com/techhalo/image/upload/v1732947555/techhalo/product-image/g5v61jj3hrxdzewl4k4e.webp', 'https://res.cloudinary.com/techhalo/image/upload/v1732947564/techhalo/product-image/enab9w8klpiytv1v7s3g.webp', 'https://res.cloudinary.com/techhalo/image/upload/v1732947561/techhalo/product-image/dfld0pifzhhkqj92voj8.webp', 'Bàn phím có dây Logitech K120', 190000, 999, 0, b'1', 4, 13),
	(114, 'MSPTH00114', 'Bàn phím không dây là sản phẩm của công nghệ hiện đại ngày nay giúp mang đến tính thẩm mĩ, sự thuận tiện tối đa cho người dùng. Một trong những thiết kế mà bạn không nên bỏ qua đó chính là bàn phím bluetooth Logitech K580.', 26, '2024-11-30', 'https://res.cloudinary.com/techhalo/image/upload/v1732947695/techhalo/product-image/rw1tsktwxylrgp5jjuzu.webp', 'https://res.cloudinary.com/techhalo/image/upload/v1732947701/techhalo/product-image/haafpfpxovqdc6xftpf7.webp', 'https://res.cloudinary.com/techhalo/image/upload/v1732947707/techhalo/product-image/djjmh1k2ugjazvf3s9nk.webp', 'https://res.cloudinary.com/techhalo/image/upload/v1732947721/techhalo/product-image/jih5wsajjiq34kpgkyn8.webp', 'https://res.cloudinary.com/techhalo/image/upload/v1732947715/techhalo/product-image/uhn60phpoh3vfcxc2u5q.webp', 'Bàn phím Bluetooth Logitech K580', 1199000, 999, 0, b'1', 4, 13),
	(115, 'MSPTH00115', 'Bàn phím cơ AULA S2022 Blue Switch là một sản phẩm bàn phím AULA đáng tin cậy với độ bền vượt trội, tuổi thọ phím lên đến 60 triệu lần bấm. Sản phẩm kết nối thông qua dây cắm USB 2.0, mang lại sự ổn định và mượt mà.', 43, '2024-11-30', 'https://res.cloudinary.com/techhalo/image/upload/v1732948667/techhalo/product-image/x8h4yotpekhwofbfhou4.webp', 'https://res.cloudinary.com/techhalo/image/upload/v1732948674/techhalo/product-image/nonhhkgzvj940svresxv.webp', 'https://res.cloudinary.com/techhalo/image/upload/v1732948681/techhalo/product-image/onsykcx63zrcdawn7ruq.webp', 'https://res.cloudinary.com/techhalo/image/upload/v1732948688/techhalo/product-image/mr5rcjf9in3n7z5naiyc.webp', 'https://res.cloudinary.com/techhalo/image/upload/v1732948698/techhalo/product-image/tnsdkgs8kfp9tyvlgjjk.webp', 'Bàn phím cơ Aula S2022 Blue Switch', 790000, 999, 0, b'1', 4, 19),
	(116, 'MSPTH00116', 'Bàn phím Gaming Asus TUF K1 được đánh giá cao bởi thiết kế hiện đại, hệ thống đèn LED RGB và khung cường lực bền bỉ. Sản phẩm bàn phím Gaming này hứa hẹn sẽ mang đến nhiều trải nghiệm thú vị, đặc biệt cho các game thủ.', 24, '2024-11-30', 'https://res.cloudinary.com/techhalo/image/upload/v1732948808/techhalo/product-image/utfq6tckmrmigz9esthc.webp', 'https://res.cloudinary.com/techhalo/image/upload/v1732948813/techhalo/product-image/opzz0bytiryyjh3brrr3.webp', 'https://res.cloudinary.com/techhalo/image/upload/v1732948818/techhalo/product-image/yapglfh4hy3g1ktmdgml.webp', 'https://res.cloudinary.com/techhalo/image/upload/v1732948824/techhalo/product-image/xafosnhexdwucnkdwr06.webp', 'https://res.cloudinary.com/techhalo/image/upload/v1732948828/techhalo/product-image/ot1x5eyawrqils5yjqgq.webp', 'Bàn phím Gaming Asus TUF K1', 999000, 999, 0, b'1', 4, 2),
	(117, 'MSPTH00117', 'Bàn phím cơ không dây Rapoo V500 Pro 87 Brown Switch sở hữu 2 phương thức kết nối là 2.4Ghz và dây qua cổng USB vô cùng ổn định. Cùng với đó, dòng Switch được trang bị trên Rapoo V500 có độ nhạy cao.', 36, '2024-11-30', 'https://res.cloudinary.com/techhalo/image/upload/v1732948932/techhalo/product-image/dh508lclezwibcegp87k.webp', 'https://res.cloudinary.com/techhalo/image/upload/v1732948939/techhalo/product-image/w22pc1vaburaxtwq6yyy.webp', 'https://res.cloudinary.com/techhalo/image/upload/v1732948943/techhalo/product-image/izvgpcfyvqnjzo17qcqy.webp', 'https://res.cloudinary.com/techhalo/image/upload/v1732948947/techhalo/product-image/jefkgtvx2kwk3zxqan9g.webp', 'https://res.cloudinary.com/techhalo/image/upload/v1732948951/techhalo/product-image/nh3ezr4yvvfc3uimwihd.webp', 'Bàn phím cơ không dây Rapoo V500 Pro-87', 699000, 999, 0, b'1', 4, 16),
	(118, 'MSPTH00118', 'Bàn phím không dây Logitech Pop Icon Keys sở hữu bố cục đơn giản với tổng cộng 4 phím hành động, cho phép người dùng điều chỉnh thật linh hoạt và dễ dàng. Sản phẩm bàn phím Logitech này được trang bị pin 2x AAA', 18, '2024-11-30', 'https://res.cloudinary.com/techhalo/image/upload/v1732949065/techhalo/product-image/xliv0iiypeuzghvgjqru.webp', 'https://res.cloudinary.com/techhalo/image/upload/v1732949072/techhalo/product-image/vycvz9aj3g4htnpv3hhx.webp', 'https://res.cloudinary.com/techhalo/image/upload/v1732949076/techhalo/product-image/bnk0ssmlqbw1ctadpgfu.webp', 'https://res.cloudinary.com/techhalo/image/upload/v1732949080/techhalo/product-image/yt6bvnw8atmzofnr8fy6.webp', 'https://res.cloudinary.com/techhalo/image/upload/v1732949085/techhalo/product-image/q3ynmt2ty5gepmnyylmg.webp', 'Bàn phím không dây Logitech Pop Icon Keys', 1499000, 999, 0, b'1', 4, 13),
	(119, 'MSPTH00119', 'Bàn phím cơ không dây Aula F75 Pro đen sở hữu hệ thống đèn LED RGB với 16,8 hiệu ứng ánh sáng cùng độ bền đạt đến 60 triệu lần nhấn và viên pin 4000mAh. Số lượng phím trên sản phẩm là 80 phím.', 34, '2024-11-30', 'https://res.cloudinary.com/techhalo/image/upload/v1732949197/techhalo/product-image/krhxcaxlzpdbhhiabljy.webp', 'https://res.cloudinary.com/techhalo/image/upload/v1732949202/techhalo/product-image/tkhbmdwvjcxs5odc3yd1.webp', 'https://res.cloudinary.com/techhalo/image/upload/v1732949206/techhalo/product-image/gnda5z3xmqpjnyuwhc1r.webp', 'https://res.cloudinary.com/techhalo/image/upload/v1732949210/techhalo/product-image/k4nebnixixb4kja3pxew.webp', 'https://res.cloudinary.com/techhalo/image/upload/v1732949215/techhalo/product-image/tcdrvwzw8omvsiuuxlkg.webp', 'Bàn phím cơ không dây AULA F75 Pro đen', 1890000, 999, 0, b'1', 4, 19),
	(120, 'MSPTH00120', 'Bàn phím cơ E-Dra không dây EK368L WH Red Switch được trang bị bộ keycap hoàn thiện từ chất liệu nhựa cứng cáp và công nghệ in DoubleShot siêu bền. Với Red Switch, bàn phím mang lại độ ổn định và phản hồi xúc giác ấn tượng.', 9, '2024-11-30', 'https://res.cloudinary.com/techhalo/image/upload/v1732949350/techhalo/product-image/u1904fure37hzhpezljv.webp', 'https://res.cloudinary.com/techhalo/image/upload/v1732949355/techhalo/product-image/wmklspdfgjsgz6wylxuc.webp', 'https://res.cloudinary.com/techhalo/image/upload/v1732949367/techhalo/product-image/kfgnubsexm9zcrmwmlgd.webp', 'https://res.cloudinary.com/techhalo/image/upload/v1732949359/techhalo/product-image/h2tovyb8mniauucjpwdi.webp', 'https://res.cloudinary.com/techhalo/image/upload/v1732949372/techhalo/product-image/lbygl0dnzfknzt5retex.webp', 'Bàn phím cơ E-DRA không dây EK368L WH đen trắng Red Switch', 549000, 999, 0, b'1', 4, 20),
	(121, 'MSPTH00121', 'Bàn phím cơ có dây Dareu EK87 V2 Multi Led Gray X Black sở hữu bố cục gọn gàng kết hợp keycap chất liệu ABS với công nghệ in 2 màu bền bỉ theo thời gian. Gõ phím cực nhạy với D-Switch với hệ thống đèn nền tạo hiệu ứng bắt mắt.', 16, '2024-11-30', 'https://res.cloudinary.com/techhalo/image/upload/v1732949618/techhalo/product-image/qqdvbqcb0iomabzsmu4b.webp', 'https://res.cloudinary.com/techhalo/image/upload/v1732949623/techhalo/product-image/xp07dqroayi86t0vf9wu.webp', 'https://res.cloudinary.com/techhalo/image/upload/v1732949629/techhalo/product-image/abzjaj27rsixxomsup5y.webp', 'https://res.cloudinary.com/techhalo/image/upload/v1732949662/techhalo/product-image/aaa0buqpwmh4rx1l2j3j.webp', 'https://res.cloudinary.com/techhalo/image/upload/v1732949685/techhalo/product-image/oovhdu5abss7g6xjsbcm.webp', 'Bàn phím cơ có dây Dareu EK87 V2 Multi Led Gray x Black', 699000, 999, 0, b'1', 4, 15),
	(122, 'MSPTH00122', 'Bàn phím cơ không dây AKKO 3098B Plus Black Gold Cream Yellow Pro Switch thiết kế đầy đủ 98 phím với keycap Double Shot PBT kết hợp switch AKKO CS. Đặc biệt, chiếc bàn phím cơ AKKO này hỗ trợ nhận tín hiệu không dây tốt.', 19, '2024-11-30', 'https://res.cloudinary.com/techhalo/image/upload/v1732950024/techhalo/product-image/ms9faq4o9cyqwy6t9j9k.webp', 'https://res.cloudinary.com/techhalo/image/upload/v1732950029/techhalo/product-image/zed8e8c7oisnxm7s16wm.webp', 'https://res.cloudinary.com/techhalo/image/upload/v1732950089/techhalo/product-image/onvc0gw6fuldeyn5tui5.webp', 'https://res.cloudinary.com/techhalo/image/upload/v1732950095/techhalo/product-image/bgj8wdqkken8etcxgokw.webp', 'https://res.cloudinary.com/techhalo/image/upload/v1732950100/techhalo/product-image/fdxzo8zly5tqk0pgs31x.webp', 'Bàn phím cơ AKKO không dây 3098B Plus Black Gold Cream Yellow Pro Switch', 2090000, 999, 0, b'1', 4, 21),
	(123, 'MSPTH00123', 'Bàn phím gaming MSI Forge GK100 RGB LED đen sở hữu đèn LED RGB bắt mắt tạo nên không gian chiến game độc đáo cùng các phím tắt hỗ trợ điều khiển nhanh. Kết hợp với đó là phím switch chắc chắn.', 26, '2024-11-30', 'https://res.cloudinary.com/techhalo/image/upload/v1732950200/techhalo/product-image/pwaiie8hqbiko84trf8u.webp', 'https://res.cloudinary.com/techhalo/image/upload/v1732950205/techhalo/product-image/so90vjqrbhgh3rvjgkt9.webp', 'https://res.cloudinary.com/techhalo/image/upload/v1732950216/techhalo/product-image/j3gwef6rkv01sgjxuknz.webp', 'https://res.cloudinary.com/techhalo/image/upload/v1732950211/techhalo/product-image/jta34jcdrfmzyanejl0c.webp', 'https://res.cloudinary.com/techhalo/image/upload/v1732950227/techhalo/product-image/cextwdtd9dsgyvrmkhi6.webp', 'Bàn phím Gaming MSI Force GK100 RGB Led', 490000, 999, 0, b'1', 4, 18),
	(124, 'MSPTH00124', 'Bàn phím cơ có dây Rapoo V500 Alloy là phụ kiện bàn phím không thể bỏ qua với các game thủ. Bàn phím với thiết kế sang trọng cùng khả năng thao tác tiện lợi, đáp ứng tốt nhu cầu chơi game của người dùng.', 35, '2024-11-30', 'https://res.cloudinary.com/techhalo/image/upload/v1732950323/techhalo/product-image/te2ionricyos4omkp5mt.webp', 'https://res.cloudinary.com/techhalo/image/upload/v1732950328/techhalo/product-image/jaxctzl1izliydsa8fu4.webp', 'https://res.cloudinary.com/techhalo/image/upload/v1732950332/techhalo/product-image/pni8ztrmgb8ybicfadje.webp', 'https://res.cloudinary.com/techhalo/image/upload/v1732950337/techhalo/product-image/jmdsuuztrnovt8nt1cxc.webp', 'https://res.cloudinary.com/techhalo/image/upload/v1732950342/techhalo/product-image/swikj83feafnoiyfihip.webp', 'Bàn phím cơ có dây Rappo V500 Alloy', 599000, 999, 0, b'1', 4, 16),
	(125, 'MSPTH00125', 'Bàn phím cơ E-Dra EK375 Alpha Blue Switch có kích thước Tenkeyless 82 phím, sử dụng chất liệu keycap PBT DoubleShot và loại switch Edra Blue Switch mới. Sản phẩm có núm xoay điều chỉnh âm lượng và ký tự phím hạn chế phai mờ với công nghệ in 2 lớp. ', 43, '2024-11-30', 'https://res.cloudinary.com/techhalo/image/upload/v1732950434/techhalo/product-image/nzassx504c3l6epgyva3.webp', 'https://res.cloudinary.com/techhalo/image/upload/v1732950438/techhalo/product-image/h80rneg2g3lnabwruqw0.webp', 'https://res.cloudinary.com/techhalo/image/upload/v1732950443/techhalo/product-image/gawjc18e7csf5bdhgkgs.webp', 'https://res.cloudinary.com/techhalo/image/upload/v1732950448/techhalo/product-image/lddhelrmdfxccynccira.webp', 'https://res.cloudinary.com/techhalo/image/upload/v1732950452/techhalo/product-image/tlykbaapxyha51ltbo0y.webp', 'Bàn phím cơ E-DRA EK375 Alpha Đen Đỏ Blue Switch', 729000, 999, 0, b'1', 4, 20),
	(126, 'MSPTH00126', 'Màn hình cong gaming Samsung Odyssey NEO G9 G95NC LS57CG952 57 inch với độ phân giải Dual UHD cùng công nghệ Quantum Matrix mang lại hình ảnh vượt trội. Màn hình với tần số quét lớn 240Hz cùng tốc độ phản hồi 1ms.', 42, '2024-11-30', 'https://res.cloudinary.com/techhalo/image/upload/v1732950741/techhalo/product-image/wsof1ojfimuybvcbpux8.webp', 'https://res.cloudinary.com/techhalo/image/upload/v1732950746/techhalo/product-image/oekpr4qlecccunb9qitf.webp', 'https://res.cloudinary.com/techhalo/image/upload/v1732950751/techhalo/product-image/w15fqqna03errqb1bqhe.webp', 'https://res.cloudinary.com/techhalo/image/upload/v1732950756/techhalo/product-image/hadnxlhwcham0iqqx1eg.webp', 'https://res.cloudinary.com/techhalo/image/upload/v1732950760/techhalo/product-image/fipray51fsywwfxcjpbv.webp', 'Màn hình Samsung Gaming Odyssey NEO G9 G95NC LS57CG952 57 inch', 79990000, 999, 0, b'1', 3, 22),
	(127, 'MSPTH00127', 'Màn hình gaming Samsung Odyssey OLED G9 LS49CG954SEXXV 49 inch với màn hình công nghệ OLED kết hợp với bộ xử lý Neo Quantum Processor Pro. Màn hình với tần số quét đến 240Hz cùng với tốc độ 0.03ms.', 30, '2024-11-30', 'https://res.cloudinary.com/techhalo/image/upload/v1732950882/techhalo/product-image/su4jrpbp9r2vu27zgz75.webp', 'https://res.cloudinary.com/techhalo/image/upload/v1732950888/techhalo/product-image/zxm50hfnro1tdoekfmyw.webp', 'https://res.cloudinary.com/techhalo/image/upload/v1732950894/techhalo/product-image/h6bqqnfsokg3xd0jjtgb.webp', 'https://res.cloudinary.com/techhalo/image/upload/v1732950905/techhalo/product-image/mjn9bopmpo9vworm8tcm.webp', 'https://res.cloudinary.com/techhalo/image/upload/v1732950910/techhalo/product-image/g0xs1hcsqvm9k8ztsncc.webp', 'Màn hình Gaming Samsung Odyssey OLED G9 LS49CG954SEXXV 49 inch', 46989000, 999, 0, b'1', 3, 22),
	(128, 'MSPTH00128', 'Màn hình Gaming LG UltraGear OLED 45GR95QE-B 45 inch là sản phẩm màn hình LG mang đến vẻ đẹp hiện đại, kích thước siêu rộng với tấm nền OLED. Thiết bị còn mang đến tốc độ cực nhanh với thời gian phản hồi 0.03ms, giúp game thủ đắm chìm vào mọi trận chiến.', 34, '2024-11-30', 'https://res.cloudinary.com/techhalo/image/upload/v1732951002/techhalo/product-image/bzgtomrelfkosnhrvq9i.webp', 'https://res.cloudinary.com/techhalo/image/upload/v1732951007/techhalo/product-image/wdogwokkrmkoued6j0qk.webp', 'https://res.cloudinary.com/techhalo/image/upload/v1732951011/techhalo/product-image/xfiyb0z5wl9bocw6u147.webp', 'https://res.cloudinary.com/techhalo/image/upload/v1732951015/techhalo/product-image/k2g1pkzjjdhxfr1kw0gp.webp', 'https://res.cloudinary.com/techhalo/image/upload/v1732951020/techhalo/product-image/vnmpaqzrda7lu0i5an6s.webp', 'Màn hình Gaming LG UltraGear OLED 45GR95QE-B 45 inch', 42990000, 999, 0, b'1', 3, 8),
	(129, 'MSPTH00129', 'Màn hình Gaming Samsung Odyssey Oled G8 LS32DG802 32 inch cho người dùng khám phá thế giới hình ảnh sống động chuẩn 4K UHD trên nền OLED, tốc độ quét 240Hz. Thêm vào đó, sản phẩm màn hình 4K.', 19, '2024-11-30', 'https://res.cloudinary.com/techhalo/image/upload/v1732951121/techhalo/product-image/vawrdec4qfekapxdktgn.webp', 'https://res.cloudinary.com/techhalo/image/upload/v1732951125/techhalo/product-image/n3zlidsi6xe3grie51f4.webp', 'https://res.cloudinary.com/techhalo/image/upload/v1732951131/techhalo/product-image/tkbv2vieo1ft38kbl5vg.webp', 'https://res.cloudinary.com/techhalo/image/upload/v1732951140/techhalo/product-image/qne23tbplslehv9ci1vz.webp', 'https://res.cloudinary.com/techhalo/image/upload/v1732951145/techhalo/product-image/mvbntp5diagt8ckckf5m.webp', 'Màn hình Gaming Samsung Odyssey OLED G8 LS32DG802 32 inch', 29990000, 999, 0, b'1', 3, 22),
	(130, 'MSPTH00130', 'Samsung Viewfinity S9 là dòng màn hình 5K có tỉ lệ chuẩn 16:9 với độ phân giải 5K, mang đến hình ảnh sắc nét vượt trội so với các dòng sản phẩm chất lượng 4K. Độ sáng 600cd/m2 cùng công nghệ Matte Display.', 30, '2024-11-30', 'https://res.cloudinary.com/techhalo/image/upload/v1732951257/techhalo/product-image/vq0d1xxt37jzwdeotqlv.webp', 'https://res.cloudinary.com/techhalo/image/upload/v1732951262/techhalo/product-image/ifvpvxor1dgdrabmdstn.webp', 'https://res.cloudinary.com/techhalo/image/upload/v1732951266/techhalo/product-image/nvgj0hudi7eotvt4bgcv.webp', 'https://res.cloudinary.com/techhalo/image/upload/v1732951270/techhalo/product-image/btvugipnvlfpz8xo0pxb.webp', 'https://res.cloudinary.com/techhalo/image/upload/v1732951274/techhalo/product-image/lujf7yekxozbqaoyiuca.webp', 'Màn hình Samsung ViewFinity S9 5K (S90PC) 27 inch', 29990000, 999, 0, b'1', 3, 22),
	(131, 'MSPTH00131', 'Màn hình gaming LG OLED 27GS95QE-B 27 inch mượt mà nhờ tần số quét 240Hz, độ phân giải QHD đi kèm với đó là thời gian phản hồi 0.03ms nhanh chóng. Công nghệ OLED trên màn hình 2K này không chỉ cho màu sắc sống động.', 22, '2024-11-30', 'https://res.cloudinary.com/techhalo/image/upload/v1732951397/techhalo/product-image/yr49y2mp2osz5puktxu0.webp', 'https://res.cloudinary.com/techhalo/image/upload/v1732951402/techhalo/product-image/lpivazkz5axivmaagnws.webp', 'https://res.cloudinary.com/techhalo/image/upload/v1732951407/techhalo/product-image/oimailmdjasgkkvvibvg.webp', 'https://res.cloudinary.com/techhalo/image/upload/v1732951411/techhalo/product-image/dizcws7ifhbaibbepmin.webp', 'https://res.cloudinary.com/techhalo/image/upload/v1732951416/techhalo/product-image/c1utjsfeczqawz6xcwbu.webp', 'Màn hình Gaming LG OLED 27GS95QE-B 27 inch', 24990000, 999, 0, b'1', 3, 8),
	(132, 'MSPTH00132', 'Màn hình Gaming LG Ultragear 32GR93U 32 inch trang bị IPS 1ms và tốc độ làm mới 144Hz , lớn 32 inch tương thích NVIDIA® G-SYNC® mang đến trải nghiệm tốt. Bên cạnh đó, card đồ họa hỗ trợ DisplayPort 1.4 (DSC) và HDMI 2.1.', 40, '2024-11-30', 'https://res.cloudinary.com/techhalo/image/upload/v1732951498/techhalo/product-image/dkuzoez6c0ozgx8slsbk.webp', 'https://res.cloudinary.com/techhalo/image/upload/v1732951502/techhalo/product-image/jfugvp523muvxwgecjxq.webp', 'https://res.cloudinary.com/techhalo/image/upload/v1732951507/techhalo/product-image/jvwcbhyawgjvrfpjlx1y.webp', 'https://res.cloudinary.com/techhalo/image/upload/v1732951511/techhalo/product-image/viysuj6gezvzmdhjjnmc.webp', 'https://res.cloudinary.com/techhalo/image/upload/v1732951515/techhalo/product-image/rwl1p4dknjxcz1ndfsnd.webp', 'Màn hình Gaming LG UltraGear 32GR93U 32 inch', 23990000, 999, 0, b'1', 3, 8),
	(133, 'MSPTH00133', 'Màn hình Asus Proart PA279CRV 27 inch sở hữu thiết kế màn hình phẳng với góc nhìn rộng 178 độ. Mẫu màn hình Asus này sở hữu độ chính xác màu tuyệt vời, đủ để đáp ứng nhu cầu của của các chuyên gia thiết kế đồ họa cho đến sáng tạo nội dung', 19, '2024-11-30', 'https://res.cloudinary.com/techhalo/image/upload/v1732951617/techhalo/product-image/r4f3weyxxoc41qms2vno.webp', 'https://res.cloudinary.com/techhalo/image/upload/v1732951622/techhalo/product-image/v2bu1c42s309qbgv5r94.webp', 'https://res.cloudinary.com/techhalo/image/upload/v1732951630/techhalo/product-image/imsatlttj0pco2fujiqi.webp', 'https://res.cloudinary.com/techhalo/image/upload/v1732951644/techhalo/product-image/jcep3v14i2hcqgty2pbz.webp', 'https://res.cloudinary.com/techhalo/image/upload/v1732951649/techhalo/product-image/q4hejdoxf0z96ddcao0p.webp', 'Màn hình ASUS ProArt PA279CRV 27 inch', 16990000, 999, 0, b'1', 3, 2),
	(134, 'MSPTH00134', 'Màn hình gaming LG Ultra Gear 27GR93U 27 inch được thiết kế với tần số quét 144 Hz, thời gian phản hồi IPS 1 ms (GtG), khả năng tương thích NVIDIA® G-SYNC®. Đặc biệt màn hình còn được trang bị VESA DisplayHDRTM 400,.', 41, '2024-11-30', 'https://res.cloudinary.com/techhalo/image/upload/v1732951742/techhalo/product-image/tm7at8dee87paccg6un0.webp', 'https://res.cloudinary.com/techhalo/image/upload/v1732951749/techhalo/product-image/ic8vhisdxs8zbu6atgad.webp', 'https://res.cloudinary.com/techhalo/image/upload/v1732951753/techhalo/product-image/nmjosc4ctk3fptoljitm.webp', 'https://res.cloudinary.com/techhalo/image/upload/v1732951759/techhalo/product-image/zswwbas4ehizezkhopic.webp', 'https://res.cloudinary.com/techhalo/image/upload/v1732951763/techhalo/product-image/h4sjta3hzzj3eumcge6a.webp', 'Màn hình Gaming LG UltraGear 27GR93U 27 inch', 19990000, 999, 0, b'1', 3, 8),
	(135, 'MSPTH00135', 'Màn hình Dell UltraSharp U2723QE 27 inch là chiếc màn hình được đánh giá cao về kích thước và chất lượng nhất hiện nay. Màn hình Dell UltraSharp có kích cỡ lớn 27 inch, và sở hữu cho mình màu sắc cùng độ tương phản rực rỡ.', 19, '2024-11-30', 'https://res.cloudinary.com/techhalo/image/upload/v1732951866/techhalo/product-image/yqwmlqfeviskhtjftkbw.webp', 'https://res.cloudinary.com/techhalo/image/upload/v1732951874/techhalo/product-image/cfmem39t9djb5zsrb33h.webp', 'https://res.cloudinary.com/techhalo/image/upload/v1732951879/techhalo/product-image/hdgtrxccrklfa1uzlo47.webp', 'https://res.cloudinary.com/techhalo/image/upload/v1732951884/techhalo/product-image/ycdtyfu4easf5mvscd6m.webp', 'https://res.cloudinary.com/techhalo/image/upload/v1732951890/techhalo/product-image/wsxitjtxbrv8ahazbojs.webp', 'Màn hình Dell UltraSharp U2723QE 27 inch', 15290000, 999, 0, b'1', 3, 7),
	(136, 'MSPTH00136', 'Màn hình đồ họa ASUS ProArt PA279CV-R 27 inch có khả năng hiển thị hình ảnh sắc nét với độ phân giải 4K UHD cùng độ phủ màu 100% sRGB và 100% Rec. Hơn nữa, màn hình còn tích hợp đèn nền LED với tấm nền IPS có góc nhìn rộng.', 16, '2024-11-30', 'https://res.cloudinary.com/techhalo/image/upload/v1732951976/techhalo/product-image/xiqhok0duapgflbtdnb2.webp', 'https://res.cloudinary.com/techhalo/image/upload/v1732951980/techhalo/product-image/yjdowj0debdqw26ycv6w.webp', 'https://res.cloudinary.com/techhalo/image/upload/v1732951985/techhalo/product-image/o4ftg8akjrkbfdyrp8oj.webp', 'https://res.cloudinary.com/techhalo/image/upload/v1732951988/techhalo/product-image/faoi4daugpk6p4szmrai.webp', 'https://res.cloudinary.com/techhalo/image/upload/v1732951993/techhalo/product-image/ck1jbuuwzibd55hihuwu.webp', 'Màn hình đồ họa ASUS ProArt PA279CV-J 27 inch', 13860000, 999, 0, b'1', 3, 2),
	(137, 'MSPTH00137', 'Màn hình Asus 27 inch Proart PA278CV được phục vụ cho các nhà sáng tạo hay chỉnh sửa hình ảnh thiết kế đồ họa. Màn hình 27 inch này được công nhận chuẩn từng sắc màu khi hiển thị. Hứa hẹn sẽ là một dụng cụ giúp bạn hoàn thành những tác phẩm nghệ thuật.', 22, '2024-11-30', 'https://res.cloudinary.com/techhalo/image/upload/v1732952130/techhalo/product-image/mi888m3cviefmwuhzpks.webp', 'https://res.cloudinary.com/techhalo/image/upload/v1732952137/techhalo/product-image/p9noqsh2ie7j4zbwp3cf.webp', 'https://res.cloudinary.com/techhalo/image/upload/v1732952142/techhalo/product-image/aqhdwknzs0ip5fhmlzuj.webp', 'https://res.cloudinary.com/techhalo/image/upload/v1732952147/techhalo/product-image/kpbfrg3tngraioicsdtc.webp', 'https://res.cloudinary.com/techhalo/image/upload/v1732952153/techhalo/product-image/zvm8wby3pezq71nfuel8.webp', 'Màn hình đồ họa ASUS ProArt PA278CV 27 inch', 10990000, 999, 0, b'1', 3, 2),
	(138, 'MSPTH00138', 'Màn hình Gaming LG UltraGear 34GP63A-B 34 inch sở hữu độ phân giải WQHD 3440 x 1440 pixels, độ sáng 300 nits cùng tỉ lệ 21:9 rộng rãi. Màn hình có tần số 160Hz với tốc độ 1ms MBR cho phản hồi siêu nhạy kết hợp AMD FreeSync.', 15, '2024-11-30', 'https://res.cloudinary.com/techhalo/image/upload/v1732952240/techhalo/product-image/wcdusjc1kbu1nt6pjwks.webp', 'https://res.cloudinary.com/techhalo/image/upload/v1732952244/techhalo/product-image/v8n7o5fbgkvko5lhnjmg.webp', 'https://res.cloudinary.com/techhalo/image/upload/v1732952249/techhalo/product-image/ak3fyeu7cs8bzwz91nr8.webp', 'https://res.cloudinary.com/techhalo/image/upload/v1732952254/techhalo/product-image/hdvuqupldpk5xvjdl4bz.webp', 'https://res.cloudinary.com/techhalo/image/upload/v1732952259/techhalo/product-image/yu0d3coifnxt4wdcgw4b.webp', 'Màn hình Gaming LG UltraGear 34GP63A-B 34 inch', 10999000, 999, 0, b'1', 3, 8),
	(139, 'MSPTH00139', 'Màn hình Samsung ViewFinity S8 UHD LS32B800PXEXXV 32 inch sẽ là sự lựa chọn hoàn hảo cho người sáng tạo nội dung và nhà thiết kế. Sản phẩm màn hình Samsung cung cấp khả năng tái tạo chuyên nghiệp, màu sắc chính xác và thiết kế cực tiện dụng. ', 41, '2024-11-30', 'https://res.cloudinary.com/techhalo/image/upload/v1732952356/techhalo/product-image/rn89rn8p4z6j3atflrrn.webp', 'https://res.cloudinary.com/techhalo/image/upload/v1732952362/techhalo/product-image/btmfvhsmqhz6tfikkri4.webp', 'https://res.cloudinary.com/techhalo/image/upload/v1732952367/techhalo/product-image/s2nc2tesdudwi8qxcm1w.webp', 'https://res.cloudinary.com/techhalo/image/upload/v1732952373/techhalo/product-image/otrlo8gvjp5qn8fdtmij.webp', 'https://res.cloudinary.com/techhalo/image/upload/v1732952377/techhalo/product-image/pti1h4zfojjtda42dbfe.webp', 'Màn hình Samsung Viewfinity S8 UHD LS32B800PXEXXV 32 inch', 13990000, 999, 0, b'1', 3, 22),
	(140, 'MSPTH00140', 'Màn hình cong Gaming ASUS TUF VG34VQL3A là một sản phẩm màn hình cong đáng chú ý trong phân khúc Gaming. Sở hữu độ phân giải cao, tần số quét 180Hz và thiết kế màn hình cong 34-inch.', 24, '2024-11-30', 'https://res.cloudinary.com/techhalo/image/upload/v1732952459/techhalo/product-image/kv9jij6ai42dj5shcpwy.webp', 'https://res.cloudinary.com/techhalo/image/upload/v1732952464/techhalo/product-image/cqdvbgrcfcc5ko44cgtm.webp', 'https://res.cloudinary.com/techhalo/image/upload/v1732952469/techhalo/product-image/xhszmg2kcljstiprmrws.webp', 'https://res.cloudinary.com/techhalo/image/upload/v1732952474/techhalo/product-image/mzlseoihent0bmhct4h5.webp', 'https://res.cloudinary.com/techhalo/image/upload/v1732952478/techhalo/product-image/auafedgksp0tksvwe37t.webp', 'Màn hình cong Gaming ASUS TUF VG34VQL3A 34 inch', 10990000, 999, 0, b'1', 3, 2),
	(141, 'MSPTH00141', 'Màn hình cong MSI Modern MD342CQPW Type C PD 98W 34 inch với độ cong lớn lên đến 21:9 1500R  và tần số quét 120HZ mang đến một trải nghiệm xem rõ nét. Màn hình có kích thước 34 inch và kích thước cụ thể là 808,6 x 424,1 x 250,6 mm.', 8, '2024-11-30', 'https://res.cloudinary.com/techhalo/image/upload/v1732952562/techhalo/product-image/m3jwebalvcrllyj2etz0.webp', 'https://res.cloudinary.com/techhalo/image/upload/v1732952567/techhalo/product-image/utitejhgcrw8wkwxnsn4.webp', 'https://res.cloudinary.com/techhalo/image/upload/v1732952571/techhalo/product-image/l4lob2kbvtjdv2pwh9ey.webp', 'https://res.cloudinary.com/techhalo/image/upload/v1732952574/techhalo/product-image/rjh9plp0npvai2kdpigg.webp', 'https://res.cloudinary.com/techhalo/image/upload/v1732952579/techhalo/product-image/spynk6abtqat7tssjgrp.webp', 'Màn hình cong MSI Modern MD342CQPW Type C PD 98W 34 inch', 8990000, 999, 0, b'1', 3, 18),
	(142, 'MSPTH00142', 'Màn hình Gaming Viewsonic VX3418-2KPC 34 inch phù hợp cho đối tượng game thủ nhờ được trang bị tần số quét 180hz cùng thời gian phản hồi chỉ 1 ms. Màn hình cũng hỗ trợ nhiều công nghệ xử lý hình ảnh hàng đầu hiện nay.', 11, '2024-11-30', 'https://res.cloudinary.com/techhalo/image/upload/v1732952759/techhalo/product-image/htfsomc8kkjmcqvwgz0l.webp', 'https://res.cloudinary.com/techhalo/image/upload/v1732952763/techhalo/product-image/n83n7gtu7fkgtadz5s5o.webp', 'https://res.cloudinary.com/techhalo/image/upload/v1732952768/techhalo/product-image/efije2butqgwxp8vnfzz.webp', 'https://res.cloudinary.com/techhalo/image/upload/v1732952772/techhalo/product-image/r6zyy9xqckw6uj6gdis3.webp', 'https://res.cloudinary.com/techhalo/image/upload/v1732952776/techhalo/product-image/upwpmakqvtt3sznp6x9t.webp', 'Màn hình Gaming ViewSonic VX3418-2KPC 34 inch', 8990000, 999, 0, b'1', 3, 23),
	(143, 'MSPTH00143', 'Màn hình gaming Xiaomi G Pro 27i mini LED 27 inch với tốc độ phản ứng nhanh chỉ 1ms cùng với độ phân giải 2K vượt trội. Màn hình còn hỗ trợ chơi game với tần số 180Hz cùng với gam màu 99% DCI-P3.', 7, '2024-11-30', 'https://res.cloudinary.com/techhalo/image/upload/v1732952957/techhalo/product-image/ytfoqh49oidncx0hvyfq.webp', 'https://res.cloudinary.com/techhalo/image/upload/v1732952962/techhalo/product-image/zuqnqydu8sezzkgcwygj.webp', 'https://res.cloudinary.com/techhalo/image/upload/v1732952967/techhalo/product-image/fgucoprly3lob0bhnrpv.webp', 'https://res.cloudinary.com/techhalo/image/upload/v1732952971/techhalo/product-image/xokznzc75a5ejyuzj5ei.webp', 'https://res.cloudinary.com/techhalo/image/upload/v1732952975/techhalo/product-image/aqpcfzdktbb19n0dbiis.webp', 'Màn hình Gaming Xiaomi G Pro 27i Mini LED 27 inch', 8990000, 998, 1, b'1', 3, 24),
	(144, 'MSPTH00144', 'Màn hình sở hữu kích thước lớn 43 inch với độ phân giải 4K (3840 x 2160 pixels), mang lại hình ảnh siêu nét, chi tiết và sắc sảo.Thiết kế thanh lịch, hiện đại, phù hợp với nhiều không gian làm việc và phòng khách.', 39, '2024-11-30', 'https://res.cloudinary.com/techhalo/image/upload/v1732953074/techhalo/product-image/nh59wacv7u8x6jt8wvmu.webp', 'https://res.cloudinary.com/techhalo/image/upload/v1732953079/techhalo/product-image/gru1rnry7pqltjgtzzog.webp', 'https://res.cloudinary.com/techhalo/image/upload/v1732953086/techhalo/product-image/cbe9r4t5e8bncwcvomei.webp', 'https://res.cloudinary.com/techhalo/image/upload/v1732953091/techhalo/product-image/fg9i7cjv2zltczsu88mb.webp', 'https://res.cloudinary.com/techhalo/image/upload/v1732953102/techhalo/product-image/kwju4ymt6favehwuexfq.webp', 'Màn hình thông minh Samsung LS43DM702 43 inch', 13190000, 999, 0, b'1', 3, 22),
	(145, 'MSPTH00145', 'Màn hình cong Gaming Asus TUF VG34VQ3B 34 inch có khả năng hiển thị hình ảnh sắc nét với độ phân giải 3440 x 1440 pixels cùng tần số quét lên đến 180Hz. Ngoài ra, mẫu màn hình Asus này còn có độ phủ màu DCI-P3.', 20, '2024-11-30', 'https://res.cloudinary.com/techhalo/image/upload/v1732953186/techhalo/product-image/lxeshtyxmplbxu5qxthk.webp', 'https://res.cloudinary.com/techhalo/image/upload/v1732953192/techhalo/product-image/ogbhroncem99awgwhtam.webp', 'https://res.cloudinary.com/techhalo/image/upload/v1732953200/techhalo/product-image/wc2fjnh6zhpvfxurziav.webp', 'https://res.cloudinary.com/techhalo/image/upload/v1732953204/techhalo/product-image/s8g9wet26ykxaxzchpp5.webp', 'https://res.cloudinary.com/techhalo/image/upload/v1732953209/techhalo/product-image/uo5jsmtwrgj2uksfq8yw.webp', 'Màn hình cong Gaming Asus TUF VG34VQ3B 34 inch', 9990000, 999, 0, b'1', 3, 2),
	(146, 'MSPTH00146', '123', 0, '2024-12-05', 'https://res.cloudinary.com/techhalo/image/upload/v1733363419/techhalo/product-image/hy2ulkf587nrkcw2m2ke.png', 'https://res.cloudinary.com/techhalo/image/upload/v1733363424/techhalo/product-image/tfsfbfvr3satjvr0s22l.png', 'https://res.cloudinary.com/techhalo/image/upload/v1733363428/techhalo/product-image/advzu5azgdvawqqh0d0r.jpg', 'https://res.cloudinary.com/techhalo/image/upload/v1733363432/techhalo/product-image/ymsufzfqwjmtnevxtgjx.png', 'https://res.cloudinary.com/techhalo/image/upload/v1733363435/techhalo/product-image/faprmu7pn7koyzxvrgrv.png', 'text', 0, 0, 0, b'1', 1, 2);

-- Dumping structure for table dbweblaptop.product_promotion_codes
CREATE TABLE IF NOT EXISTS `product_promotion_codes` (
  `product_id` bigint(20) NOT NULL,
  `promotion_code_id` bigint(20) NOT NULL,
  PRIMARY KEY (`product_id`,`promotion_code_id`),
  KEY `FKton0w947y63gtev9wnn5xych` (`promotion_code_id`),
  CONSTRAINT `FKchn83fhiflq9egm5c1ism4kij` FOREIGN KEY (`product_id`) REFERENCES `products` (`product_id`),
  CONSTRAINT `FKton0w947y63gtev9wnn5xych` FOREIGN KEY (`promotion_code_id`) REFERENCES `promotion_codes` (`promotion_code_id`)
) ENGINE=InnoDB DEFAULT CHARSET=utf8mb4 COLLATE=utf8mb4_unicode_ci;

-- Dumping data for table dbweblaptop.product_promotion_codes: ~372 rows (approximately)
DELETE FROM `product_promotion_codes`;
INSERT INTO `product_promotion_codes` (`product_id`, `promotion_code_id`) VALUES
	(1, 2),
	(2, 2),
	(3, 2),
	(4, 2),
	(5, 2),
	(6, 2),
	(7, 2),
	(8, 2),
	(9, 2),
	(10, 2),
	(11, 2),
	(12, 2),
	(13, 2),
	(14, 2),
	(15, 2),
	(16, 2),
	(17, 2),
	(18, 2),
	(19, 2),
	(20, 2),
	(21, 2),
	(22, 2),
	(23, 2),
	(24, 2),
	(25, 2),
	(26, 2),
	(27, 2),
	(28, 2),
	(29, 2),
	(30, 2),
	(31, 2),
	(32, 2),
	(33, 2),
	(34, 2),
	(35, 2),
	(36, 2),
	(37, 2),
	(38, 2),
	(39, 2),
	(40, 2),
	(41, 2),
	(42, 2),
	(43, 2),
	(44, 2),
	(45, 2),
	(46, 2),
	(47, 2),
	(48, 2),
	(49, 2),
	(50, 2),
	(51, 2),
	(52, 2),
	(53, 2),
	(54, 2),
	(55, 2),
	(56, 2),
	(57, 2),
	(58, 2),
	(59, 2),
	(60, 2),
	(61, 2),
	(62, 2),
	(63, 2),
	(64, 2),
	(65, 2),
	(66, 2),
	(67, 2),
	(68, 2),
	(69, 2),
	(70, 2),
	(71, 2),
	(72, 2),
	(73, 2),
	(74, 2),
	(75, 2),
	(76, 2),
	(77, 2),
	(78, 2),
	(79, 2),
	(80, 2),
	(81, 2),
	(82, 2),
	(83, 2),
	(84, 2),
	(85, 2),
	(86, 2),
	(87, 2),
	(88, 2),
	(89, 2),
	(90, 2),
	(91, 2),
	(92, 2),
	(93, 2),
	(94, 2),
	(95, 2),
	(96, 2),
	(97, 2),
	(98, 2),
	(99, 2),
	(100, 2),
	(101, 2),
	(102, 2),
	(103, 2),
	(104, 2),
	(105, 2),
	(106, 2),
	(107, 2),
	(108, 2),
	(109, 2),
	(110, 2),
	(111, 2),
	(112, 2),
	(113, 2),
	(114, 2),
	(115, 2),
	(116, 2),
	(117, 2),
	(118, 2),
	(119, 2),
	(120, 2),
	(121, 2),
	(122, 2),
	(123, 2),
	(124, 2),
	(125, 2),
	(126, 2),
	(127, 2),
	(128, 2),
	(129, 2),
	(130, 2),
	(131, 2),
	(132, 2),
	(133, 2),
	(134, 2),
	(135, 2),
	(136, 2),
	(137, 2),
	(138, 2),
	(139, 2),
	(140, 2),
	(141, 2),
	(142, 2),
	(143, 2),
	(144, 2),
	(26, 3),
	(27, 3),
	(28, 3),
	(29, 3),
	(30, 3),
	(31, 3),
	(32, 3),
	(33, 3),
	(34, 3),
	(35, 3),
	(36, 3),
	(37, 3),
	(38, 3),
	(39, 3),
	(40, 3),
	(41, 3),
	(42, 3),
	(43, 3),
	(44, 3),
	(45, 3),
	(46, 3),
	(47, 3),
	(48, 3),
	(49, 3),
	(50, 3),
	(51, 3),
	(52, 3),
	(53, 3),
	(54, 3),
	(55, 3),
	(56, 3),
	(57, 3),
	(58, 3),
	(59, 3),
	(60, 3),
	(61, 3),
	(62, 3),
	(63, 3),
	(64, 3),
	(65, 3),
	(1, 4),
	(2, 4),
	(3, 4),
	(4, 4),
	(5, 4),
	(6, 4),
	(7, 4),
	(8, 4),
	(9, 4),
	(10, 4),
	(11, 4),
	(12, 4),
	(13, 4),
	(14, 4),
	(15, 4),
	(16, 4),
	(17, 4),
	(18, 4),
	(19, 4),
	(20, 4),
	(21, 4),
	(22, 4),
	(23, 4),
	(24, 4),
	(25, 4),
	(126, 5),
	(127, 5),
	(128, 5),
	(129, 5),
	(130, 5),
	(131, 5),
	(132, 5),
	(133, 5),
	(134, 5),
	(135, 5),
	(136, 5),
	(137, 5),
	(138, 5),
	(139, 5),
	(140, 5),
	(141, 5),
	(142, 5),
	(143, 5),
	(144, 5),
	(1, 6),
	(2, 6),
	(3, 6),
	(4, 6),
	(5, 6),
	(6, 6),
	(7, 6),
	(8, 6),
	(9, 6),
	(10, 6),
	(11, 6),
	(12, 6),
	(13, 6),
	(14, 6),
	(15, 6),
	(16, 6),
	(17, 6),
	(18, 6),
	(19, 6),
	(20, 6),
	(21, 6),
	(22, 6),
	(23, 6),
	(24, 6),
	(25, 6),
	(26, 6),
	(27, 6),
	(28, 6),
	(29, 6),
	(30, 6),
	(31, 6),
	(32, 6),
	(33, 6),
	(34, 6),
	(35, 6),
	(36, 6),
	(37, 6),
	(38, 6),
	(39, 6),
	(40, 6),
	(41, 6),
	(42, 6),
	(43, 6),
	(44, 6),
	(45, 6),
	(46, 6),
	(47, 6),
	(48, 6),
	(49, 6),
	(50, 6),
	(51, 6),
	(52, 6),
	(53, 6),
	(54, 6),
	(55, 6),
	(56, 6),
	(57, 6),
	(58, 6),
	(59, 6),
	(60, 6),
	(61, 6),
	(62, 6),
	(63, 6),
	(64, 6),
	(65, 6),
	(66, 6),
	(67, 6),
	(68, 6),
	(69, 6),
	(70, 6),
	(71, 6),
	(72, 6),
	(73, 6),
	(74, 6),
	(75, 6),
	(76, 6),
	(77, 6),
	(78, 6),
	(79, 6),
	(80, 6),
	(81, 6),
	(82, 6),
	(83, 6),
	(84, 6),
	(85, 6),
	(86, 6),
	(87, 6),
	(88, 6),
	(89, 6),
	(90, 6),
	(91, 6),
	(92, 6),
	(93, 6),
	(94, 6),
	(95, 6),
	(96, 6),
	(97, 6),
	(98, 6),
	(99, 6),
	(100, 6),
	(101, 6),
	(102, 6),
	(103, 6),
	(104, 6),
	(105, 6),
	(106, 6),
	(107, 6),
	(108, 6),
	(109, 6),
	(110, 6),
	(111, 6),
	(112, 6),
	(113, 6),
	(114, 6),
	(115, 6),
	(116, 6),
	(117, 6),
	(118, 6),
	(119, 6),
	(120, 6),
	(121, 6),
	(122, 6),
	(123, 6),
	(124, 6),
	(125, 6),
	(126, 6),
	(127, 6),
	(128, 6),
	(129, 6),
	(130, 6),
	(131, 6),
	(132, 6),
	(133, 6),
	(134, 6),
	(135, 6),
	(136, 6),
	(137, 6),
	(138, 6),
	(139, 6),
	(140, 6),
	(141, 6),
	(142, 6),
	(143, 6),
	(144, 6);

-- Dumping structure for table dbweblaptop.promotion_codes
CREATE TABLE IF NOT EXISTS `promotion_codes` (
  `promotion_code_id` bigint(20) NOT NULL AUTO_INCREMENT,
  `code` varchar(255) NOT NULL,
  `current_uses` int(11) DEFAULT NULL,
  `description` varchar(255) NOT NULL,
  `discount` double NOT NULL,
  `end_date` date NOT NULL,
  `form_of_application` varchar(255) DEFAULT NULL,
  `is_active` bit(1) NOT NULL,
  `max_uses` int(11) NOT NULL,
  `min_order_value` double NOT NULL,
  `start_date` date NOT NULL,
  `type` varchar(255) NOT NULL,
  PRIMARY KEY (`promotion_code_id`),
  UNIQUE KEY `UK_g77w8n5o7tya80d4kgwrfsdh8` (`code`)
) ENGINE=InnoDB AUTO_INCREMENT=7 DEFAULT CHARSET=utf8mb4 COLLATE=utf8mb4_unicode_ci;

-- Dumping data for table dbweblaptop.promotion_codes: ~6 rows (approximately)
DELETE FROM `promotion_codes`;
INSERT INTO `promotion_codes` (`promotion_code_id`, `code`, `current_uses`, `description`, `discount`, `end_date`, `form_of_application`, `is_active`, `max_uses`, `min_order_value`, `start_date`, `type`) VALUES
	(1, 'LD001', 0, 'BlackFireDay', 10, '2024-12-07', 'All', b'0', 100, 100000, '2024-11-30', 'percentage'),
	(2, 'TECHHALO', 0, 'Giảm giá khi mua sản phẩm techhalo', 200000, '2025-01-30', 'All', b'1', 1000, 100000, '2024-11-20', 'fixed'),
	(3, 'SALELAPTOPGAMING', 0, 'Giảm giá mặt hàng laptop gaming', 300000, '2025-01-16', 'Specific', b'1', 2000, 5000000, '2024-11-20', 'fixed'),
	(4, 'CHUOT', 0, 'Giảm giá khi mua chuột tại techhalo', 10, '2025-01-30', 'Specific', b'1', 100, 100000, '2024-11-20', 'percentage'),
	(5, 'MANHINH', 0, 'Giảm giá khi mua man hinh tạ techhalo', 20, '2025-03-05', 'Specific', b'1', 50, 2000000, '2024-11-20', 'percentage'),
	(6, 'CODE', 0, 'Giảm giá tháng 11', 50000, '2024-11-30', 'All', b'1', 500, 200000, '2024-11-01', 'fixed');

-- Dumping structure for table dbweblaptop.purchase_orders
CREATE TABLE IF NOT EXISTS `purchase_orders` (
  `purchase_order_id` bigint(20) NOT NULL AUTO_INCREMENT,
  `create_at_purchase_order` datetime DEFAULT NULL,
  `update_at_purchase_order` datetime DEFAULT NULL,
  `supplier_id` bigint(20) DEFAULT NULL,
  PRIMARY KEY (`purchase_order_id`),
  KEY `FKrpdasmb8y8xs5tiy4369xpinq` (`supplier_id`),
  CONSTRAINT `FKrpdasmb8y8xs5tiy4369xpinq` FOREIGN KEY (`supplier_id`) REFERENCES `suppliers` (`supplier_id`)
) ENGINE=InnoDB AUTO_INCREMENT=23 DEFAULT CHARSET=utf8mb4 COLLATE=utf8mb4_unicode_ci;

-- Dumping data for table dbweblaptop.purchase_orders: ~20 rows (approximately)
DELETE FROM `purchase_orders`;
INSERT INTO `purchase_orders` (`purchase_order_id`, `create_at_purchase_order`, `update_at_purchase_order`, `supplier_id`) VALUES
	(1, '2024-11-29 01:14:52', '2024-11-30 13:45:07', 13),
	(2, '2024-11-29 01:26:42', '2024-11-30 13:17:15', 14),
	(3, '2024-11-29 01:37:45', '2024-11-30 13:55:34', 15),
	(4, '2024-11-29 02:15:21', '2024-11-30 14:06:04', 16),
	(5, '2024-11-29 02:24:44', '2024-11-29 02:39:58', 17),
	(6, '2024-11-29 02:37:15', '2024-11-30 14:43:21', 18),
	(7, '2024-11-29 02:43:19', '2024-11-30 14:53:49', 2),
	(8, '2024-11-29 02:52:09', '2024-11-30 13:47:26', 19),
	(11, '2024-11-29 17:22:20', '2024-11-30 02:34:42', 3),
	(12, '2024-11-29 17:28:32', '2024-11-29 23:44:14', 5),
	(13, '2024-11-29 23:04:34', '2024-11-29 23:42:53', 1),
	(14, '2024-11-29 23:06:05', '2024-11-29 23:06:05', 12),
	(15, '2024-11-29 23:13:18', '2024-11-30 14:31:53', 7),
	(16, '2024-11-29 23:30:43', '2024-11-29 23:30:43', 6),
	(17, '2024-11-30 12:43:53', '2024-11-30 14:07:52', 20),
	(18, '2024-11-30 14:02:02', '2024-11-30 14:02:02', 21),
	(19, '2024-11-30 14:13:15', '2024-11-30 14:52:06', 22),
	(20, '2024-11-30 14:17:27', '2024-11-30 14:37:59', 8),
	(21, '2024-11-30 14:46:37', '2024-11-30 14:46:37', 23),
	(22, '2024-11-30 14:49:56', '2024-11-30 14:49:56', 24);

-- Dumping structure for table dbweblaptop.purchase_order_details
CREATE TABLE IF NOT EXISTS `purchase_order_details` (
  `purchase_order_detail_id` bigint(20) NOT NULL AUTO_INCREMENT,
  `create_at_purchase_order_detail` datetime DEFAULT NULL,
  `price` double NOT NULL,
  `quantity` int(11) NOT NULL,
  `total_money` double NOT NULL,
  `product_id` bigint(20) DEFAULT NULL,
  `purchase_order_id` bigint(20) DEFAULT NULL,
  `supplier_id` bigint(20) DEFAULT NULL,
  PRIMARY KEY (`purchase_order_detail_id`),
  KEY `FKpouou78xjt37rqmveufppyhtp` (`product_id`),
  KEY `FK7k5h72ashr7waatbffpug92ei` (`purchase_order_id`),
  KEY `FKtaisw6ftfc9lpc7y31lo7o8gk` (`supplier_id`),
  CONSTRAINT `FK7k5h72ashr7waatbffpug92ei` FOREIGN KEY (`purchase_order_id`) REFERENCES `purchase_orders` (`purchase_order_id`),
  CONSTRAINT `FKpouou78xjt37rqmveufppyhtp` FOREIGN KEY (`product_id`) REFERENCES `products` (`product_id`),
  CONSTRAINT `FKtaisw6ftfc9lpc7y31lo7o8gk` FOREIGN KEY (`supplier_id`) REFERENCES `suppliers` (`supplier_id`)
) ENGINE=InnoDB AUTO_INCREMENT=150 DEFAULT CHARSET=utf8mb4 COLLATE=utf8mb4_unicode_ci;

-- Dumping data for table dbweblaptop.purchase_order_details: ~145 rows (approximately)
DELETE FROM `purchase_order_details`;
INSERT INTO `purchase_order_details` (`purchase_order_detail_id`, `create_at_purchase_order_detail`, `price`, `quantity`, `total_money`, `product_id`, `purchase_order_id`, `supplier_id`) VALUES
	(1, '2024-11-29 01:14:52', 849000, 999, 848151000, 1, 1, 13),
	(2, '2024-11-29 01:19:39', 499000, 999, 498501000, 2, 1, 13),
	(3, '2024-11-29 01:26:42', 2190000, 999, 2187810000, 3, 2, 14),
	(4, '2024-11-29 01:37:45', 599000, 999, 598401000, 4, 3, 15),
	(5, '2024-11-29 01:43:11', 69000, 999, 68931000, 5, 3, 15),
	(6, '2024-11-29 01:47:02', 2190000, 999, 2187810000, 6, 2, 14),
	(7, '2024-11-29 01:49:29', 1390000, 999, 1388610000, 7, 1, 13),
	(8, '2024-11-29 02:02:34', 2090000, 999, 2087910000, 8, 1, 13),
	(9, '2024-11-29 02:06:50', 2890000, 999, 2887110000, 9, 1, 13),
	(10, '2024-11-29 02:09:43', 599000, 999, 598401000, 10, 1, 13),
	(11, '2024-11-29 02:11:53', 3190000, 999, 3186810000, 11, 1, 13),
	(12, '2024-11-29 02:15:21', 69000, 999, 68931000, 12, 4, 16),
	(13, '2024-11-29 02:17:37', 3090000, 999, 3086910000, 13, 1, 13),
	(14, '2024-11-29 02:21:20', 1290000, 999, 1288710000, 14, 1, 13),
	(15, '2024-11-29 02:24:44', 490000, 999, 489510000, 15, 5, 17),
	(16, '2024-11-29 02:27:16', 1690000, 999, 1688310000, 16, 1, 13),
	(17, '2024-11-29 02:31:43', 169000, 999, 168831000, 17, 3, 15),
	(18, '2024-11-29 02:33:49', 3799000, 999, 3795201000, 18, 1, 13),
	(19, '2024-11-29 02:37:15', 250000, 999, 24975000, 19, 6, 18),
	(20, '2024-11-29 02:39:58', 1490000, 999, 1488510000, 20, 5, 17),
	(21, '2024-11-29 02:43:19', 490000, 999, 489510000, 21, 7, 2),
	(22, '2024-11-29 02:45:37', 749000, 999, 748251000, 22, 1, 13),
	(23, '2024-11-29 02:48:06', 999000, 999, 998001000, 23, 4, 16),
	(24, '2024-11-29 02:52:09', 690000, 999, 689310000, 24, 8, 19),
	(25, '2024-11-29 02:54:17', 190000, 999, 189810000, 25, 6, 18),
	(28, '2024-11-29 17:20:29', 23990000, 999, 23966010000, 26, 6, 18),
	(29, '2024-11-29 17:22:20', 17990000, 999, 17972010000, 27, 11, 3),
	(30, '2024-11-29 17:28:32', 11990000, 999, 11978010000, 28, 12, 5),
	(31, '2024-11-29 17:34:32', 14990000, 999, 14975010000, 29, 11, 3),
	(32, '2024-11-29 17:44:24', 14990000, 999, 14975010000, 30, 7, 2),
	(33, '2024-11-29 18:54:24', 11490000, 999, 11478510000, 31, 12, 5),
	(34, '2024-11-29 20:40:28', 10990000, 999, 10979010000, 32, 12, 5),
	(35, '2024-11-29 20:46:06', 13990000, 999, 13976010000, 33, 7, 2),
	(36, '2024-11-29 20:49:38', 13490000, 999, 13476510000, 34, 7, 2),
	(37, '2024-11-29 20:53:33', 15490000, 999, 15474510000, 35, 7, 2),
	(38, '2024-11-29 20:59:57', 15490000, 999, 15474510000, 36, 12, 5),
	(39, '2024-11-29 21:03:32', 12990000, 999, 12977010000, 37, 12, 5),
	(40, '2024-11-29 21:11:48', 11490000, 999, 11478510000, 38, 12, 5),
	(41, '2024-11-29 21:14:30', 19490000, 999, 19470510000, 39, 6, 18),
	(42, '2024-11-29 21:18:39', 17990000, 999, 17972010000, 40, 12, 5),
	(43, '2024-11-29 21:22:45', 12990000, 999, 12977010000, 41, 12, 5),
	(44, '2024-11-29 21:26:03', 17990000, 999, 17972010000, 42, 7, 2),
	(45, '2024-11-29 21:29:48', 15490000, 999, 15474510000, 43, 7, 2),
	(46, '2024-11-29 21:41:32', 13990000, 999, 13976010000, 44, 12, 5),
	(48, '2024-11-29 21:47:06', 28990000, 999, 28961010000, 45, 11, 3),
	(49, '2024-11-29 21:50:33', 15990000, 999, 15974010000, 46, 11, 3),
	(50, '2024-11-29 21:53:21', 12990000, 999, 12977010000, 47, 6, 18),
	(51, '2024-11-29 21:55:48', 12990000, 999, 12977010000, 48, 6, 18),
	(52, '2024-11-29 21:59:33', 20490000, 999, 20469510000, 49, 11, 3),
	(53, '2024-11-29 22:02:06', 17490000, 999, 17472510000, 50, 12, 5),
	(54, '2024-11-29 22:05:14', 20990000, 999, 20969010000, 51, 11, 3),
	(55, '2024-11-29 22:07:37', 11490000, 999, 11478510000, 52, 6, 18),
	(56, '2024-11-29 22:10:31', 27490000, 999, 27462510000, 53, 7, 2),
	(57, '2024-11-29 22:13:36', 14990000, 999, 14975010000, 54, 12, 5),
	(58, '2024-11-29 22:16:09', 16990000, 999, 16973010000, 55, 11, 3),
	(59, '2024-11-29 22:18:48', 23490000, 999, 23466510000, 56, 11, 3),
	(60, '2024-11-29 22:22:05', 15990000, 999, 15974010000, 57, 6, 18),
	(61, '2024-11-29 22:24:45', 25990000, 999, 25964010000, 58, 11, 3),
	(62, '2024-11-29 22:27:55', 33490000, 999, 33456510000, 59, 7, 2),
	(63, '2024-11-29 22:31:06', 47990000, 999, 47942010000, 60, 11, 3),
	(64, '2024-11-29 22:36:54', 13490000, 999, 13476510000, 61, 7, 2),
	(66, '2024-11-29 22:43:43', 11990000, 999, 11978010000, 62, 6, 18),
	(67, '2024-11-29 22:46:17', 19490000, 999, 19470510000, 63, 7, 2),
	(68, '2024-11-29 22:49:01', 28990000, 999, 28961010000, 64, 7, 2),
	(69, '2024-11-29 22:52:11', 19990000, 999, 19970010000, 65, 11, 3),
	(70, '2024-11-29 22:56:28', 10490000, 999, 10479510000, 66, 7, 2),
	(71, '2024-11-29 22:59:18', 6490000, 999, 6483510000, 67, 12, 5),
	(72, '2024-11-29 23:02:03', 17990000, 999, 17972010000, 68, 11, 3),
	(73, '2024-11-29 23:04:34', 19990000, 999, 19970010000, 69, 13, 1),
	(74, '2024-11-29 23:06:05', 2490000, 999, 2487510000, 70, 14, 12),
	(75, '2024-11-29 23:07:39', 12490000, 999, 12477510000, 71, 11, 3),
	(76, '2024-11-29 23:08:49', 21490000, 999, 21468510000, 72, 13, 1),
	(77, '2024-11-29 23:10:32', 13990000, 999, 13976010000, 73, 7, 2),
	(78, '2024-11-29 23:13:18', 9990000, 999, 9980010000, 74, 15, 7),
	(79, '2024-11-29 23:15:03', 8990000, 999, 8981010000, 75, 7, 2),
	(80, '2024-11-29 23:17:09', 9490000, 999, 9480510000, 76, 7, 2),
	(81, '2024-11-29 23:19:13', 10490000, 999, 10479510000, 77, 11, 3),
	(82, '2024-11-29 23:20:58', 10990000, 999, 10979010000, 78, 12, 5),
	(83, '2024-11-29 23:22:22', 7490000, 999, 7482510000, 79, 7, 2),
	(84, '2024-11-29 23:23:53', 26490000, 999, 26463510000, 80, 13, 1),
	(85, '2024-11-29 23:25:21', 14490000, 999, 14475510000, 81, 15, 7),
	(86, '2024-11-29 23:26:39', 12490000, 999, 12477510000, 82, 7, 2),
	(87, '2024-11-29 23:28:14', 7490000, 999, 7482510000, 83, 12, 5),
	(88, '2024-11-29 23:29:23', 10490000, 999, 10479510000, 84, 6, 18),
	(89, '2024-11-29 23:30:43', 6990000, 999, 6983010000, 85, 16, 6),
	(90, '2024-11-29 23:34:22', 10990000, 999, 10979010000, 86, 15, 7),
	(91, '2024-11-29 23:35:44', 18990000, 999, 18971010000, 87, 7, 2),
	(92, '2024-11-29 23:37:07', 12490000, 999, 12477510000, 88, 7, 2),
	(93, '2024-11-29 23:38:16', 11990000, 999, 11978010000, 89, 7, 2),
	(94, '2024-11-29 23:40:05', 7990000, 99, 791010000, 90, 7, 2),
	(95, '2024-11-29 23:41:12', 13490000, 999, 13476510000, 91, 7, 2),
	(96, '2024-11-29 23:42:53', 23990000, 999, 23966010000, 92, 13, 1),
	(97, '2024-11-29 23:44:14', 13490000, 999, 13476510000, 93, 12, 5),
	(98, '2024-11-30 01:16:32', 9990000, 999, 9980010000, 94, 6, 18),
	(99, '2024-11-30 01:18:21', 15990000, 999, 15974010000, 95, 11, 3),
	(100, '2024-11-30 01:31:41', 7490000, 999, 7482510000, 96, 15, 7),
	(101, '2024-11-30 01:51:24', 8990000, 999, 8981010000, 97, 11, 3),
	(102, '2024-11-30 01:57:36', 18990000, 999, 18971010000, 98, 7, 2),
	(103, '2024-11-30 02:00:42', 12990000, 999, 12977010000, 99, 7, 2),
	(104, '2024-11-30 02:07:49', 8490000, 999, 8481510000, 100, 11, 3),
	(105, '2024-11-30 02:31:53', 8490000, 999, 8481510000, 101, 6, 18),
	(106, '2024-11-30 02:34:42', 14990000, 999, 14975010000, 102, 11, 3),
	(107, '2024-11-30 02:36:53', 9490000, 999, 9480510000, 103, 15, 7),
	(108, '2024-11-30 02:42:05', 24990000, 999, 24965010000, 104, 7, 2),
	(109, '2024-11-30 02:44:34', 9490000, 999, 9480510000, 105, 7, 2),
	(110, '2024-11-30 12:37:34', 12490000, 999, 12477510000, 106, 8, 19),
	(111, '2024-11-30 12:43:53', 449000, 999, 448551000, 107, 17, 20),
	(112, '2024-11-30 13:05:41', 1249000, 999, 1247751000, 108, 8, 19),
	(113, '2024-11-30 13:08:59', 699000, 999, 698301000, 109, 1, 13),
	(114, '2024-11-30 13:11:48', 599000, 999, 598401000, 110, 3, 15),
	(115, '2024-11-30 13:14:22', 699000, 999, 698301000, 111, 17, 20),
	(116, '2024-11-30 13:17:15', 2249000, 999, 2246751000, 112, 2, 14),
	(117, '2024-11-30 13:19:56', 199000, 999, 198801000, 113, 1, 13),
	(118, '2024-11-30 13:22:35', 899000, 999, 1188810000, 114, 1, 13),
	(119, '2024-11-30 13:38:49', 499000, 999, 498501000, 115, 8, 19),
	(120, '2024-11-30 13:40:49', 799000, 999, 798201000, 116, 7, 2),
	(121, '2024-11-30 13:42:54', 449000, 999, 448551000, 117, 4, 16),
	(122, '2024-11-30 13:45:07', 1249000, 999, 1247751000, 118, 1, 13),
	(123, '2024-11-30 13:47:26', 1249000, 999, 1247751000, 119, 8, 19),
	(124, '2024-11-30 13:50:01', 499000, 999, 498501000, 120, 17, 20),
	(125, '2024-11-30 13:55:34', 599000, 999, 598401000, 121, 3, 15),
	(126, '2024-11-30 14:02:02', 1699000, 999, 1697301000, 122, 18, 21),
	(127, '2024-11-30 14:04:09', 399000, 999, 398601000, 123, 6, 18),
	(128, '2024-11-30 14:06:04', 399000, 999, 398601000, 124, 4, 16),
	(129, '2024-11-30 14:07:52', 449000, 999, 448551000, 125, 17, 20),
	(130, '2024-11-30 14:13:15', 46399000, 999, 46352601000, 126, 19, 22),
	(131, '2024-11-30 14:15:35', 32890000, 999, 32857110000, 127, 19, 22),
	(132, '2024-11-30 14:17:27', 28390000, 999, 28361610000, 128, 20, 8),
	(133, '2024-11-30 14:19:46', 24290000, 999, 24265710000, 129, 19, 22),
	(134, '2024-11-30 14:21:46', 20990000, 999, 2096901000, 130, 19, 22),
	(135, '2024-11-30 14:24:00', 19490000, 999, 19470510000, 131, 20, 8),
	(136, '2024-11-30 14:25:55', 14390000, 999, 14375610000, 132, 20, 8),
	(137, '2024-11-30 14:27:55', 13790000, 999, 13776210000, 133, 7, 2),
	(138, '2024-11-30 14:29:50', 117990000, 999, 117872010000, 134, 20, 8),
	(139, '2024-11-30 14:31:53', 12399000, 999, 12386601000, 135, 15, 7),
	(140, '2024-11-30 14:33:42', 11699000, 999, 11687301000, 136, 7, 2),
	(141, '2024-11-30 14:36:17', 8590000, 999, 8581410000, 137, 7, 2),
	(142, '2024-11-30 14:37:59', 8590000, 999, 8581410000, 138, 20, 8),
	(143, '2024-11-30 14:39:58', 8290000, 999, 8281710000, 139, 19, 22),
	(144, '2024-11-30 14:41:37', 8390000, 999, 8381610000, 140, 7, 2),
	(145, '2024-11-30 14:43:21', 8290000, 999, 8281710000, 141, 6, 18),
	(146, '2024-11-30 14:46:37', 8090000, 999, 8081910000, 142, 21, 23),
	(147, '2024-11-30 14:49:56', 8390000, 999, 8381610000, 143, 22, 24),
	(148, '2024-11-30 14:52:06', 8090000, 999, 8081910000, 144, 19, 22),
	(149, '2024-11-30 14:53:49', 7999000, 999, 7991001000, 145, 7, 2);

-- Dumping structure for table dbweblaptop.rates
CREATE TABLE IF NOT EXISTS `rates` (
  `id` bigint(20) NOT NULL AUTO_INCREMENT,
  `comment` varchar(255) DEFAULT NULL,
  `rate_date` datetime DEFAULT NULL,
  `rating` double DEFAULT NULL,
  `order_detail_id` bigint(20) DEFAULT NULL,
  `product_id` bigint(20) DEFAULT NULL,
  `user_id` bigint(20) DEFAULT NULL,
  PRIMARY KEY (`id`),
  KEY `FKoesgfm245y1ula1pn74fw9mkk` (`order_detail_id`),
  KEY `FK4mdsmkrr7od84tpgxto2v3t2e` (`product_id`),
  KEY `FKanlgavwqngljux10mtly8qr6f` (`user_id`),
  CONSTRAINT `FK4mdsmkrr7od84tpgxto2v3t2e` FOREIGN KEY (`product_id`) REFERENCES `products` (`product_id`),
  CONSTRAINT `FKanlgavwqngljux10mtly8qr6f` FOREIGN KEY (`user_id`) REFERENCES `users` (`user_id`),
  CONSTRAINT `FKoesgfm245y1ula1pn74fw9mkk` FOREIGN KEY (`order_detail_id`) REFERENCES `order_details` (`order_detail_id`)
) ENGINE=InnoDB AUTO_INCREMENT=5 DEFAULT CHARSET=utf8mb4 COLLATE=utf8mb4_unicode_ci;

-- Dumping data for table dbweblaptop.rates: ~3 rows (approximately)
DELETE FROM `rates`;
INSERT INTO `rates` (`id`, `comment`, `rate_date`, `rating`, `order_detail_id`, `product_id`, `user_id`) VALUES
	(1, 'Sản phẩm tuyệt vời, tôi đã leo từ rank lol từ cao thủ xuống bạch kim (*-*\')', '2024-11-30 18:00:11', 5, 1, 54, 3),
	(2, 'Tuyệt', '2024-12-05 07:55:01', 5, 4, 45, 5),
	(4, 'good\n', '2024-12-05 21:53:05', 4, 8, 45, 4);

-- Dumping structure for table dbweblaptop.suppliers
CREATE TABLE IF NOT EXISTS `suppliers` (
  `supplier_id` bigint(20) NOT NULL AUTO_INCREMENT,
  `address` varchar(255) DEFAULT NULL,
  `create_at` date DEFAULT NULL,
  `email` varchar(255) DEFAULT NULL,
  `image` varchar(255) DEFAULT NULL,
  `name` varchar(255) DEFAULT NULL,
  `phone` varchar(255) DEFAULT NULL,
  PRIMARY KEY (`supplier_id`)
) ENGINE=InnoDB AUTO_INCREMENT=25 DEFAULT CHARSET=utf8mb4 COLLATE=utf8mb4_unicode_ci;

-- Dumping data for table dbweblaptop.suppliers: ~23 rows (approximately)
DELETE FROM `suppliers`;
INSERT INTO `suppliers` (`supplier_id`, `address`, `create_at`, `email`, `image`, `name`, `phone`) VALUES
	(1, 'Macbook TP.HCM', '2024-11-28', 'Macbook@gmail.com', 'https://res.cloudinary.com/techhalo/image/upload/v1732793140/techhalo/product-image/ne7zipbjriqkyqnitps9.webp', 'Macbook', '1900123456'),
	(2, 'Asus TP.HCM', '2024-11-28', 'Asus@gmail.com', 'https://res.cloudinary.com/techhalo/image/upload/v1732793326/techhalo/product-image/zqr7zeskkvy8gbwcxr2e.webp', 'Asus', '1900546545'),
	(3, 'Lenovo TP.HCM', '2024-11-28', 'Lenovo@gmail.com', 'https://res.cloudinary.com/techhalo/image/upload/v1732793387/techhalo/product-image/utxjwyanm0wanlerqndt.webp', 'Lenovo', '1900456489'),
	(5, 'Acer TP.HCM', '2024-11-28', 'Acer@gmail.com', 'https://res.cloudinary.com/techhalo/image/upload/v1732793614/techhalo/product-image/zdsghzixrznxqv9og2kg.webp', 'Acer', '1900456157'),
	(6, 'HP TP.HCM', '2024-11-28', 'HP@gmail.com', 'https://res.cloudinary.com/techhalo/image/upload/v1732793657/techhalo/product-image/fjueicdsli4qooeijl6s.webp', 'HP', '1900254655'),
	(7, 'Dell TP.HCM', '2024-11-28', 'HP@gmail.com', 'https://res.cloudinary.com/techhalo/image/upload/v1732793709/techhalo/product-image/wqci6j2igm0z0xezeeuy.webp', 'Dell', '1900324443'),
	(8, 'LG TP.HCM', '2024-11-28', 'LG@gmail.com', 'https://res.cloudinary.com/techhalo/image/upload/v1732793753/techhalo/product-image/zhkqmkwwrlq23234wejn.webp', 'LG', '1900465879'),
	(9, 'Huawei TP.HCM', '2024-11-28', 'Huewei@gmail.com', 'https://res.cloudinary.com/techhalo/image/upload/v1732793795/techhalo/product-image/lucbi4aeqeonc0fu7ipd.webp', 'Huawei', '1900432159'),
	(10, 'Gigabyte TP.HCM', '2024-11-28', 'GIgabyte@gmail.com', 'https://res.cloudinary.com/techhalo/image/upload/v1732793844/techhalo/product-image/g0zp2y61qnkkky4kxz7l.webp', 'Gigabyte', '1900654326'),
	(11, 'Vaio TP.HCM', '2024-11-28', 'Vaio@gmail.com', 'https://res.cloudinary.com/techhalo/image/upload/v1732793891/techhalo/product-image/cybld0fsupkcl80xjko9.webp', 'Vaio', '1900323411'),
	(12, 'Masstel TP.HCM', '2024-11-28', 'Masstel@gmail.com', 'https://res.cloudinary.com/techhalo/image/upload/v1732793949/techhalo/product-image/cvmhr7o4tgdscazz6izc.webp', 'Masstel', '1900884377'),
	(13, 'Logitech TP.HCM', '2024-11-28', 'Logitech@gmail.com', 'https://res.cloudinary.com/techhalo/image/upload/v1732816954/techhalo/product-image/y1kqrnrf9msetlyjopud.webp', 'Logitech', '1900565652'),
	(14, 'Apple TP.HCM', '2024-11-28', 'Apple@gmail.com', 'https://res.cloudinary.com/techhalo/image/upload/v1732818200/techhalo/product-image/zuvt8na9wy0lrr8erpuc.webp', 'Apple', '1900356625'),
	(15, 'Dareu TP.HCM', '2024-11-28', 'Dareu@gmail.com', 'https://res.cloudinary.com/techhalo/image/upload/v1732818897/techhalo/product-image/ekor0o0scwhq69q2adnv.webp', 'Dareu', '1900396865'),
	(16, 'Rapoo TP.HCM', '2024-11-28', 'Rapoo@gmail.com', 'https://res.cloudinary.com/techhalo/image/upload/v1732821199/techhalo/product-image/jrwacqt7x8feugvrlxqk.webp', 'Rapoo', '1900284892'),
	(17, 'Hyperwork TP.HCM', '2024-11-28', 'Hyperwork@gmail.com', 'https://res.cloudinary.com/techhalo/image/upload/v1732821776/techhalo/product-image/xejwmovraekh0prmv012.webp', 'Hyperwork', '1900293821'),
	(18, 'Msi TP.HCM', '2024-11-28', 'Msi@gmail.com', 'https://res.cloudinary.com/techhalo/image/upload/v1732822508/techhalo/product-image/r4f8q0ithls6shdtamth.webp', 'Msi', '1900230450'),
	(19, 'Aula TP.HCM', '2024-11-28', 'Aula@gmail.com', 'https://res.cloudinary.com/techhalo/image/upload/v1732823419/techhalo/product-image/llxzmoq4qlb5lmontocu.webp', 'Aula', '1900385236'),
	(20, 'E-Dra TP.HCM', '2024-11-30', 'EDra@gmail.com', 'https://res.cloudinary.com/techhalo/image/upload/v1732945279/techhalo/product-image/x33xbah3famqxv5tt75n.webp', 'E-Dra', '1900335525'),
	(21, 'Akko TP.HCM', '2024-11-30', 'Akko@gmail.com', 'https://res.cloudinary.com/techhalo/image/upload/v1732949849/techhalo/product-image/kdxjdhizf3eh3lahf9ei.webp', 'Akko', '1900555863'),
	(22, 'Samsung TP.HCM', '2024-11-30', 'Samsung@gmail.com', 'https://res.cloudinary.com/techhalo/image/upload/v1732950652/techhalo/product-image/ajn7gtvkwj7nw5is3211.webp', 'Samsung', '1900856666'),
	(23, 'ViewSonic TP.HCM', '2024-11-30', 'ViewSonic@gmail.com', 'https://res.cloudinary.com/techhalo/image/upload/v1732952699/techhalo/product-image/vlaepilkuan64zoqq532.webp', 'ViewSonic', '1900364852'),
	(24, 'Xiaomi TP.HCM', '2024-11-30', 'Xiaomi@gmail.com', 'https://res.cloudinary.com/techhalo/image/upload/v1732952901/techhalo/product-image/s4ro8rahya345vcyk4dg.webp', 'Xiaomi', '1900981123');

-- Dumping structure for table dbweblaptop.users
CREATE TABLE IF NOT EXISTS `users` (
  `user_id` bigint(20) NOT NULL AUTO_INCREMENT,
  `address` varchar(255) DEFAULT NULL,
  `email` varchar(255) DEFAULT NULL,
  `gender` bit(1) DEFAULT NULL,
  `image` varchar(255) DEFAULT NULL,
  `name` varchar(255) DEFAULT NULL,
  `password` varchar(255) DEFAULT NULL,
  `phone` varchar(255) DEFAULT NULL,
  `register_date` date DEFAULT NULL,
  `status` bit(1) DEFAULT NULL,
  `token` varchar(255) DEFAULT NULL,
  PRIMARY KEY (`user_id`)
) ENGINE=InnoDB AUTO_INCREMENT=6 DEFAULT CHARSET=utf8mb4 COLLATE=utf8mb4_unicode_ci;

-- Dumping data for table dbweblaptop.users: ~5 rows (approximately)
DELETE FROM `users`;
INSERT INTO `users` (`user_id`, `address`, `email`, `gender`, `image`, `name`, `password`, `phone`, `register_date`, `status`, `token`) VALUES
	(1, '32 Thủy Lợi, Phước Long A, Quận 9, TP.HCM', 'doanthanhhao0204@gmail.com', b'1', 'https://res.cloudinary.com/techhalo/image/upload/v1730057021/techhalo/a53my55gy32u26aqkbyq.jpg', 'Hào Đoàn', '$2a$10$.m/TRMgKD8GTPe.F8ZKOMOUKkFm0k6tqw2WpTa0nAjTUuyY/ERa/i', '0366516292', '2024-11-28', b'1', 'eyJhbGciOiJIUzI1NiJ9.eyJzdWIiOiJkb2FudGhhbmhoYW8wMjA0QGdtYWlsLmNvbSIsInNjb3BlcyI6W3siYXV0aG9yaXR5IjoiUk9MRV9BRE1JTiJ9XSwiaXNzIjoiaHR0cDovL2RldmdsYW4uY29tIiwiaWF0IjoxNzMyNzkyNzc3LCJleHAiOjE3MzI4MTA3Nzd9.NPDtBaJfpHmwBaZTOuqfMr1VTzsQ7QndWs3QQP9E-3o'),
	(2, '100/2 đường số 6, Linh Trung, Thủ Đức, Tp.HCM', 'huynhminhthu860@gmail.com', b'1', 'https://res.cloudinary.com/techhalo/image/upload/v1730057021/techhalo/a53my55gy32u26aqkbyq.jpg', 'Thủ Huỳnh', '$2a$10$moI/VKDB0I78c6R.UQh8o.wzSWuJUvVzdK42yQEPyqUMllH7jMvPC', '0377254836', '2024-11-30', b'1', 'eyJhbGciOiJIUzI1NiJ9.eyJzdWIiOiJodXluaG1pbmh0aHU4NjBAZ21haWwuY29tIiwic2NvcGVzIjpbeyJhdXRob3JpdHkiOiJST0xFX0FETUlOIn1dLCJpc3MiOiJodHRwOi8vZGV2Z2xhbi5jb20iLCJpYXQiOjE3MzI5NjI1MDAsImV4cCI6MTczMjk4MDUwMH0.AppqLrUdwQPkk_53REQQg0fM1ZdODZc5q4LVjaoob98'),
	(3, '12 Nguyễn Văn Bá, Linh Chiểu, Thủ Đức, Tp.HCM', 'huynhminhthu836@gmail.com', b'1', 'https://res.cloudinary.com/techhalo/image/upload/v1730057021/techhalo/a53my55gy32u26aqkbyq.jpg', 'Phong Huy', '$2a$10$4GmjVD3iS/soRUvGsFXGVuKxfyPfzUXIvrSAlJik28PHFsUjvvRLi', '0399266235', '2024-11-30', b'1', 'eyJhbGciOiJIUzI1NiJ9.eyJzdWIiOiJodXluaG1pbmh0aHU4MzZAZ21haWwuY29tIiwic2NvcGVzIjpbeyJhdXRob3JpdHkiOiJST0xFX0FETUlOIn1dLCJpc3MiOiJodHRwOi8vZGV2Z2xhbi5jb20iLCJpYXQiOjE3MzI5NjM3NzEsImV4cCI6MTczMjk4MTc3MX0.1kjboxL49e32duo30nmzQCsgrksInOwzsH00O32Xpwc'),
	(4, 'Nguyen Van Bao', 'doanthanhhao02041@gmail.com', b'1', 'https://res.cloudinary.com/techhalo/image/upload/v1730057021/techhalo/a53my55gy32u26aqkbyq.jpg', 'Hào Đoàn', '$2a$10$ByZnBkQcmNjI/tmDGNuWiOxbtGeWLZf9CX3XV9TJbsM1bIyYLGXpe', '0366516292', '2024-12-01', b'1', 'eyJhbGciOiJIUzI1NiJ9.eyJzdWIiOiJkb2FudGhhbmhoYW8wMjA0MUBnbWFpbC5jb20iLCJzY29wZXMiOlt7ImF1dGhvcml0eSI6IlJPTEVfQURNSU4ifV0sImlzcyI6Imh0dHA6Ly9kZXZnbGFuLmNvbSIsImlhdCI6MTczMzA1Njk0NiwiZXhwIjoxNzMzMDc0OTQ2fQ.jPgTD-H1DLUXwoK76kYAtwDUNJ2DX7egpBcAFWPDnzc'),
	(5, '12 Nguyễn Văn Bảo', 'thurhuynhf@gmail.com', b'1', 'https://res.cloudinary.com/techhalo/image/upload/v1733359889/techhalo/user-image/dirlipue88r1vpwrfn3q.jpg', 'Thủ Huỳnh', '$2a$10$x.J6WcxgDDntgSlCNgLREOVobaqcZrM7nqPRuplqxZxNdRtLSZ3Oa', '0122551254', '2024-12-01', b'1', 'eyJhbGciOiJIUzI1NiJ9.eyJzdWIiOiJ0aHVyaHV5bmhmQGdtYWlsLmNvbSIsInNjb3BlcyI6W3siYXV0aG9yaXR5IjoiUk9MRV9BRE1JTiJ9XSwiaXNzIjoiaHR0cDovL2RldmdsYW4uY29tIiwiaWF0IjoxNzMzMDU3NDI1LCJleHAiOjE3MzMwNzU0MjV9.6yG9SmLSsqFMV91Sisv8nC4zGnorvC_qxkY4-Hoyp3M');

-- Dumping structure for table dbweblaptop.user_promotion_codes
CREATE TABLE IF NOT EXISTS `user_promotion_codes` (
  `user_id` bigint(20) NOT NULL,
  `promotion_code_id` bigint(20) NOT NULL,
  PRIMARY KEY (`user_id`,`promotion_code_id`),
  KEY `FKoh3brclqmqraibqikkb3ox8ye` (`promotion_code_id`),
  CONSTRAINT `FKf22p0tminlchovw24fnbj4353` FOREIGN KEY (`user_id`) REFERENCES `users` (`user_id`),
  CONSTRAINT `FKoh3brclqmqraibqikkb3ox8ye` FOREIGN KEY (`promotion_code_id`) REFERENCES `promotion_codes` (`promotion_code_id`)
) ENGINE=InnoDB DEFAULT CHARSET=utf8mb4 COLLATE=utf8mb4_unicode_ci;

-- Dumping data for table dbweblaptop.user_promotion_codes: ~0 rows (approximately)
DELETE FROM `user_promotion_codes`;

-- Dumping structure for table dbweblaptop.user_roles
CREATE TABLE IF NOT EXISTS `user_roles` (
  `user_id` bigint(20) NOT NULL,
  `role_id` int(11) NOT NULL,
  PRIMARY KEY (`user_id`,`role_id`),
  KEY `FKihg20vygk8qb8lw0s573lqsmq` (`role_id`),
  CONSTRAINT `FKhfh9dx7w3ubf1co1vdev94g3f` FOREIGN KEY (`user_id`) REFERENCES `users` (`user_id`),
  CONSTRAINT `FKihg20vygk8qb8lw0s573lqsmq` FOREIGN KEY (`role_id`) REFERENCES `app_roles` (`id`)
) ENGINE=InnoDB DEFAULT CHARSET=utf8mb4 COLLATE=utf8mb4_unicode_ci;

-- Dumping data for table dbweblaptop.user_roles: ~5 rows (approximately)
DELETE FROM `user_roles`;
INSERT INTO `user_roles` (`user_id`, `role_id`) VALUES
	(3, 1),
	(4, 1),
	(5, 1),
	(1, 2),
	(2, 3);

/*!40103 SET TIME_ZONE=IFNULL(@OLD_TIME_ZONE, 'system') */;
/*!40101 SET SQL_MODE=IFNULL(@OLD_SQL_MODE, '') */;
/*!40014 SET FOREIGN_KEY_CHECKS=IFNULL(@OLD_FOREIGN_KEY_CHECKS, 1) */;
/*!40101 SET CHARACTER_SET_CLIENT=@OLD_CHARACTER_SET_CLIENT */;
/*!40111 SET SQL_NOTES=IFNULL(@OLD_SQL_NOTES, 1) */;
